categoria,ordem,isbn,titulo,autor,editora,cover_url,origem_url
Best Literature in Portuguese,1,,O Xangô de Baker Street,Jô Soares,,,https://www.goodreads.com/book/show/723023.O_Xang_de_Baker_Street
Best Literature in Portuguese,2,,O Medo,Al Berto,,,https://www.goodreads.com/book/show/1720440.O_Medo
Best Literature in Portuguese,3,,Minnebrieven van een Portugese non,Gabriel de Guilleragues,,,https://www.goodreads.com/book/show/12655587-minnebrieven-van-een-portugese-non
Best Literature in Portuguese,4,,Lisboa Desaparecida,Marina Tavares Dias,,,https://www.goodreads.com/book/show/4032966-lisboa-desaparecida
Best Literature in Portuguese,5,,O Homem Duplicado,José Saramago,,,https://www.goodreads.com/book/show/54120.The_Double
Best Literature in Portuguese,6,,O Guarani,José de Alencar,,,https://www.goodreads.com/book/show/1093699.O_Guarani
Best Literature in Portuguese,7,,Cidade de Deus,Paulo Lins,,,https://www.goodreads.com/book/show/1297137.City_of_God
Best Literature in Portuguese,8,,Perguntem a Sarah Gross,João Pinto Coelho,,,https://www.goodreads.com/book/show/25258867-perguntem-a-sarah-gross
Best Literature in Portuguese,9,,O Mistério do 5 Estrelas,Marcos Rey,,,https://www.goodreads.com/book/show/1814584.O_Mist_rio_do_5_Estrelas
Best Literature in Portuguese,10,,Memória de Elefante,António Lobo Antunes,,,https://www.goodreads.com/book/show/15729740-mem-ria-de-elefante
Best Literature in Portuguese,11,,Vestido de Noiva,Nelson Rodrigues,,,https://www.goodreads.com/book/show/2648111-vestido-de-noiva
Best Literature in Portuguese,12,,Um Certo Capitão Rodrigo,Erico Verissimo,,,https://www.goodreads.com/book/show/4935134-um-certo-capit-o-rodrigo
Best Literature in Portuguese,13,,Esaú e Jacó,Machado de Assis,,,https://www.goodreads.com/book/show/146435.Esau_and_Jacob
Best Literature in Portuguese,14,,Clarissa,Erico Verissimo,,,https://www.goodreads.com/book/show/624600.Clarissa
Best Literature in Portuguese,15,,Crónica dos bons malandros,Mário Zambujal,,,https://www.goodreads.com/book/show/6413052-cr-nica-dos-bons-malandros
Best Literature in Portuguese,16,,Obra Poética,Sophia de Mello Breyner Andresen,,,https://www.goodreads.com/book/show/9836528-obra-po-tica
Best Literature in Portuguese,17,,Cecília Meireles - Poesia Completa (2 Volumes),Cecília Meireles,,,https://www.goodreads.com/book/show/2632946-cec-lia-meireles---poesia-completa
Best Literature in Portuguese,18,,Caim,José Saramago,,,https://www.goodreads.com/book/show/7011225-caim
Best Literature in Portuguese,19,,Cartas de Inglaterra,Eça de Queirós,,,https://www.goodreads.com/book/show/6321371-cartas-de-inglaterra
Best Literature in Portuguese,20,,Intrinsical,Lani Woodland,,,https://www.goodreads.com/book/show/8529230-intrinsical
Best Literature in Portuguese,21,,Terras do Sem-Fim,Jorge Amado,,,https://www.goodreads.com/book/show/214840.The_Violent_Land
Best Literature in Portuguese,22,,Os Sertões,Euclides da Cunha,,,https://www.goodreads.com/book/show/893558.Rebellion_in_the_Backlands
Best Literature in Portuguese,23,,O Menino no Espelho,Fernando Sabino,,,https://www.goodreads.com/book/show/91175.O_Menino_no_Espelho
Best Literature in Portuguese,24,,A Moreninha,Renata Pallottini,,,https://www.goodreads.com/book/show/334246.A_Moreninha
Best Literature in Portuguese,25,,As Naus,António Lobo Antunes,,,https://www.goodreads.com/book/show/716304.The_Return_of_the_Caravels
Best Literature in Portuguese,26,,A Confissão de Lúcio,Mário de Sá-Carneiro,,,https://www.goodreads.com/book/show/16173031-a-confiss-o-de-l-cio
Best Literature in Portuguese,27,,A Droga da Obediência,Pedro Bandeira,,,https://www.goodreads.com/book/show/2183535.A_Droga_da_Obedi_ncia
Best Literature in Portuguese,28,,Os Fidalgos da Casa Mourisca,Júlio Dinis,,,https://www.goodreads.com/book/show/25323461-os-fidalgos-da-casa-mourisca
Best Literature in Portuguese,29,,Ensaio Sobre a Cegueira,José Saramago,,,https://www.goodreads.com/book/show/19182702-ensaio-sobre-a-cegueira
Best Literature in Portuguese,30,,Barranco de Cegos,Alves Redol,,,https://www.goodreads.com/book/show/2109774.Barranco_de_Cegos
Best Literature in Portuguese,31,,Estação Carandiru,Drauzio Varella,,,https://www.goodreads.com/book/show/1045984.Esta_o_Carandiru
Best Literature in Portuguese,32,,Lisboa nos Passos de Fernando Pessoa,Marina Tavares Dias,,,https://www.goodreads.com/book/show/13503054-lisboa-nos-passos-de-fernando-pessoa
Best Literature in Portuguese,33,,Seara de Vento,Manuel da Fonseca,,,https://www.goodreads.com/book/show/13610567-seara-de-vento
Best Literature in Portuguese,34,,Libertinagem / Estrela da Manhã,Manuel Bandeira,,,https://www.goodreads.com/book/show/2828907-libertinagem-estrela-da-manh
Best Literature in Portuguese,35,,A máquina de fazer espanhóis,Valter Hugo Mãe,,,https://www.goodreads.com/book/show/7776251-a-m-quina-de-fazer-espanh-is
Best Literature in Portuguese,36,,A God Strolling in the Cool of the Evening,Mário de Carvalho,,,https://www.goodreads.com/book/show/8400927-a-god-strolling-in-the-cool-of-the-evening
Best Literature in Portuguese,37,,O Sétimo Selo,José Rodrigues dos Santos,,,https://www.goodreads.com/book/show/2734414-o-s-timo-selo
Best Literature in Portuguese,38,,O Heróico Major Fangueira Fagundes,Luís Novais,,,https://www.goodreads.com/book/show/10842719-o-her-ico-major-fangueira-fagundes
Best Literature in Portuguese,39,,50 Contos de Machado de Assis,Machado de Assis,,,https://www.goodreads.com/book/show/2597344-50-contos-de-machado-de-assis
Best Literature in Portuguese,40,,A Selva,Ferreira de Castro,,,https://www.goodreads.com/book/show/2517564.A_Selva
Best Literature in Portuguese,41,,Navegador Solitário,João Aguiar,,,https://www.goodreads.com/book/show/1978039.Navegador_Solit_rio
Best Literature in Portuguese,42,,Os Sete,André Vianco,,,https://www.goodreads.com/book/show/2866487-os-sete
Best Literature in Portuguese,43,,O Último Voo do Flamingo,Mia Couto,,,https://www.goodreads.com/book/show/1146786.O_ltimo_Voo_do_Flamingo
Best Literature in Portuguese,44,,Cartas a Sandra,Vergílio Ferreira,,,https://www.goodreads.com/book/show/1141532.Cartas_a_Sandra
Best Literature in Portuguese,45,,As Intermitências da Morte,José Saramago,,,https://www.goodreads.com/book/show/13103630-as-intermit-ncias-da-morte
Best Literature in Portuguese,46,,Sonetos Completos,Antero de Quental,,,https://www.goodreads.com/book/show/334258.Sonetos_Completos
Best Literature in Portuguese,47,,Showdown: A Novel,Jorge Amado,,,https://www.goodreads.com/book/show/214851.Showdown
Best Literature in Portuguese,48,,Ana Terra,Erico Verissimo,,,https://www.goodreads.com/book/show/2336849.Ana_Terra
Best Literature in Portuguese,49,,No teu deserto,Miguel Sousa Tavares,,,https://www.goodreads.com/book/show/6600019-no-teu-deserto
Best Literature in Portuguese,50,,A Bruxa de Portobello,Paulo Coelho,,,https://www.goodreads.com/book/show/816720.The_Witch_of_Portobello
Best Literature in Portuguese,51,,Barba ensopada de sangue,Daniel Galera,,,https://www.goodreads.com/book/show/16089464-barba-ensopada-de-sangue
Best Literature in Portuguese,52,,Os Velhos Marinheiros,Jorge Amado,,,https://www.goodreads.com/book/show/997824.Home_Is_the_Sailor
Best Literature in Portuguese,53,,Verso e Prosa,Mário de Sá-Carneiro,,,https://www.goodreads.com/book/show/15714340-verso-e-prosa
Best Literature in Portuguese,54,,O Santo e a Porca,Ariano Suassuna,,,https://www.goodreads.com/book/show/3213892-o-santo-e-a-porca
Best Literature in Portuguese,55,,O Monge De Cister V.I Ou A Época de D. João I (1859) - Tomo I,Alexandre Herculano,,,https://www.goodreads.com/book/show/8388192-o-monge-de-cister-v-i-ou-a-poca-de-d-jo-o-i-1859---tomo-i
Best Literature in Portuguese,56,,Ecos de París,Eça de Queirós,,,https://www.goodreads.com/book/show/1201988.Ecos_de_Par_s
Best Literature in Portuguese,57,,1808,Laurentino Gomes,,,https://www.goodreads.com/book/show/2867094-1808
Best Literature in Portuguese,58,,Que Importa a Fúria do Mar,Ana Margarida de Carvalho,,,https://www.goodreads.com/book/show/17976720-que-importa-a-f-ria-do-mar
Best Literature in Portuguese,59,,O Centauro no Jardim,Moacyr Scliar,,,https://www.goodreads.com/book/show/1182136.The_Centaur_in_the_Garden
Best Literature in Portuguese,60,,Serões da Província,Júlio Dinis,,,https://www.goodreads.com/book/show/7533461-ser-es-da-prov-ncia
Best Literature in Portuguese,61,,Aprender a Rezar na Era da Técnica,Gonçalo M. Tavares,,,https://www.goodreads.com/book/show/9632051-learning-to-pray-in-the-age-of-technique
Best Literature in Portuguese,62,,A vida como ela é...: o homem fiel e outros contos,Nelson Rodrigues,,,https://www.goodreads.com/book/show/909607.A_vida_como_ela_
Best Literature in Portuguese,63,,Spilt Milk,Chico Buarque,,,https://www.goodreads.com/book/show/13235813-spilt-milk
Best Literature in Portuguese,64,,Macunaima,Mário de Andrade,,,https://www.goodreads.com/book/show/1099648.Macunaima
Best Literature in Portuguese,65,,Inocência,Visconde de Taunay,,,https://www.goodreads.com/book/show/3207931-inoc-ncia
Best Literature in Portuguese,66,,Retalhos da Vida de um Médico - 1ª Série,Fernando Namora,,,https://www.goodreads.com/book/show/7826205-retalhos-da-vida-de-um-m-dico---1-s-rie
Best Literature in Portuguese,67,,A Noiva do Tradutor,João Reis,,,https://www.goodreads.com/book/show/25485249-a-noiva-do-tradutor
Best Literature in Portuguese,68,,Contato Imediato: Nós Não Estamos Sozinhos,Bryant Johnson,,,https://www.goodreads.com/book/show/58710778-contato-imediato
Best Literature in Portuguese,69,,O Olhar do Filho,Núria Añó,,,https://www.goodreads.com/book/show/41964774-o-olhar-do-filho
Best Literature in Portuguese,70,,A escritora morta,Núria Añó,,,https://www.goodreads.com/book/show/42864990-a-escritora-morta
Best Literature in Portuguese,71,,A Festa,Ivan Ângelo,,,https://www.goodreads.com/book/show/1399816.The_Celebration
Best Literature in Portuguese,72,,Balada para Sophie,Filipe Melo,,,https://www.goodreads.com/book/show/54801337-balada-para-sophie
Best Literature in Portuguese,74,,A Hora da Estrela,Clarice Lispector,,,https://www.goodreads.com/book/show/56266088-a-hora-da-estrela
Best Literature in Portuguese,75,,Caçadores de bruxas,Raphael Draccon,,,https://www.goodreads.com/book/show/9086605-ca-adores-de-bruxas
Best Literature in Portuguese,76,,As Meninas,Lygia Fagundes Telles,,,https://www.goodreads.com/book/show/2856197-as-meninas
Best Literature in Portuguese,77,,Os Pobres,Raul Brandão,,,https://www.goodreads.com/book/show/8853156-os-pobres
Best Literature in Portuguese,78,,A Amante Holandesa,J. Rentes de Carvalho,,,https://www.goodreads.com/book/show/10148226-a-amante-holandesa
Best Literature in Portuguese,79,,A Obscena Senhora D,Hilda Hilst,,,https://www.goodreads.com/book/show/3216609-a-obscena-senhora-d
Best Literature in Portuguese,80,,Morangos mofados,Caio Fernando Abreu,,,https://www.goodreads.com/book/show/716066.Morangos_mofados
Best Literature in Portuguese,81,,A Dança Das Borboletas,Wenceslau de Moraes,,,https://www.goodreads.com/book/show/9202159-a-dan-a-das-borboletas
Best Literature in Portuguese,82,,O Guarda da Praia,Maria Teresa Maia Gonzalez,,,https://www.goodreads.com/book/show/1830570.O_Guarda_da_Praia
Best Literature in Portuguese,83,,Água Viva,Clarice Lispector,,,https://www.goodreads.com/book/show/56587579-gua-viva
Best Literature in Portuguese,84,,A Ordem Natural das Coisas,António Lobo Antunes,,,https://www.goodreads.com/book/show/71580.The_Natural_Order_of_Things
Best Literature in Portuguese,85,,Dois Irmãos,Milton Hatoum,,,https://www.goodreads.com/book/show/993737.The_Brothers
Best Literature in Portuguese,86,,A Desumanização,Valter Hugo Mãe,,,https://www.goodreads.com/book/show/18465804-a-desumaniza-o
Best Literature in Portuguese,87,,O Que Diz Molero,Dinis Machado,,,https://www.goodreads.com/book/show/9471605-o-que-diz-molero
Best Literature in Portuguese,88,,No País das Porcas Saras,Fernando Évora,,,https://www.goodreads.com/book/show/10350986-no-pa-s-das-porcas-saras
Best Literature in Portuguese,89,,Noites do Sertão,João Guimarães Rosa,,,https://www.goodreads.com/book/show/4476100-noites-do-sert-o
Best Literature in Portuguese,90,,As Antigas e Novas Andanças do Demónio,Jorge de Sena,,,https://www.goodreads.com/book/show/8497468-as-antigas-e-novas-andan-as-do-dem-nio
Best Literature in Portuguese,91,,A Costa dos Murmúrios,Lídia Jorge,,,https://www.goodreads.com/book/show/3371637-a-costa-dos-murm-rios
Best Literature in Portuguese,92,,Primeiras Estórias,João Guimarães Rosa,,,https://www.goodreads.com/book/show/2260392.Primeiras_Est_rias
Best Literature in Portuguese,93,,Paardenschaduw op zee,António Lobo Antunes,,,https://www.goodreads.com/book/show/13366947-paardenschaduw-op-zee
Best Literature in Portuguese,94,,Para Sempre,Vergílio Ferreira,,,https://www.goodreads.com/book/show/7657773-para-sempre
Best Literature in Portuguese,95,,Memorial do Convento,José Saramago,,,https://www.goodreads.com/book/show/879188.Memorial_do_Convento
Best Literature in Portuguese,96,,"Amar, Verbo Intransitivo: Idílio",Mário de Andrade,,,https://www.goodreads.com/book/show/20929174-amar-verbo-intransitivo
Best Literature in Portuguese,97,,Laços de Família,Clarice Lispector,,,https://www.goodreads.com/book/show/10410797-la-os-de-fam-lia
Best Literature in Portuguese,98,,Os Passos em Volta,Herberto Helder,,,https://www.goodreads.com/book/show/6344152-os-passos-em-volta
Best Literature in Portuguese,99,,Uma Aprendizagem ou O Livro dos Prazeres,Clarice Lispector,,,https://www.goodreads.com/book/show/2728420-uma-aprendizagem-ou-o-livro-dos-prazeres
Best Literature in Portuguese,101,,Para Onde Vão Os Guarda-Chuvas,Afonso Cruz,,,https://www.goodreads.com/book/show/18591734-para-onde-v-o-os-guarda-chuvas
Best Literature in Portuguese,102,,O Manual dos Inquisidores,António Lobo Antunes,,,https://www.goodreads.com/book/show/71582.The_Inquisitors_Manual
Best Literature in Portuguese,103,,Os Cafés de Lisboa,Marina Tavares Dias,,,https://www.goodreads.com/book/show/16299076-os-caf-s-de-lisboa
Best Literature in Portuguese,104,,Brida,Paulo Coelho,,,https://www.goodreads.com/book/show/68591.Brida
Best Literature in Portuguese,105,,O Culto Do Chá,Wenceslau de Moraes,,,https://www.goodreads.com/book/show/9454839-o-culto-do-ch
Best Literature in Portuguese,106,,Estórias Abensonhadas,Mia Couto,,,https://www.goodreads.com/book/show/497858.Est_rias_Abensonhadas
Best Literature in Portuguese,107,,Incidente em Antares,Erico Verissimo,,,https://www.goodreads.com/book/show/2624112-incidente-em-antares
Best Literature in Portuguese,108,,Lisboa Misteriosa,Marina Tavares Dias,,,https://www.goodreads.com/book/show/15752952-lisboa-misteriosa
Best Literature in Portuguese,109,,O Retrato - Volume I,Erico Verissimo,,,https://www.goodreads.com/book/show/8033853-o-retrato---volume-i
Best Literature in Portuguese,110,,O Encontro Marcado,Fernando Sabino,,,https://www.goodreads.com/book/show/91174.O_Encontro_Marcado
Best Literature in Portuguese,111,,O Meu Irmão,Afonso Reis Cabral,,,https://www.goodreads.com/book/show/23517632-o-meu-irm-o
Best Literature in Portuguese,112,,Cinco Minutos,José de Alencar,,,https://www.goodreads.com/book/show/8316575-cinco-minutos
Best Literature in Portuguese,113,,Todos os Contos,Clarice Lispector,,,https://www.goodreads.com/book/show/30169196-todos-os-contos
Best Literature in Portuguese,114,,Helena,Machado de Assis,,,https://www.goodreads.com/book/show/909748.Helena
Best Literature in Portuguese,115,,"D.Estefânia, Um trágico amor",Sara Rodi,,,https://www.goodreads.com/book/show/15747932-d-estef-nia-um-tr-gico-amor
Best Literature in Portuguese,116,,Ficções do interlúdio,Fernando Pessoa,,,https://www.goodreads.com/book/show/6336749-fic-es-do-interl-dio
Best Literature in Portuguese,117,,Falar Verdade a Mentir,Almeida Garrett,,,https://www.goodreads.com/book/show/8062436-falar-verdade-a-mentir
Best Literature in Portuguese,118,,La Esclava Isaura,Bernardo Guimarães,,,https://www.goodreads.com/book/show/607112.La_Esclava_Isaura
Best Literature in Portuguese,119,,A Floresta,Sophia de Mello Breyner Andresen,,,https://www.goodreads.com/book/show/7011252-a-floresta
Best Literature in Portuguese,120,,Alves y Compañía,Eça de Queirós,,,https://www.goodreads.com/book/show/5263074-alves-y-compa-a
Best Literature in Portuguese,121,,"Goiânia, Rua 57 - O nuclear na terra do sol",Fernando Gabeira,,,https://www.goodreads.com/book/show/6697855-goi-nia-rua-57---o-nuclear-na-terra-do-sol
Best Literature in Portuguese,122,,Comédias da Vida Privada: 101 Crônicas Escolhidas,Luis Fernando Verissimo,,,https://www.goodreads.com/book/show/1272944.Com_dias_da_Vida_Privada
Best Literature in Portuguese,123,,Poesias Completas,Alexandre O'Neill,,,https://www.goodreads.com/book/show/4570613-poesias-completas
Best Literature in Portuguese,124,,Memorial de Maria Moura,Rachel de Queiroz,,,https://www.goodreads.com/book/show/1637401.Memorial_de_Maria_Moura
Best Literature in Portuguese,125,,Levantado do Chão,José Saramago,,,https://www.goodreads.com/book/show/6482682-raised-from-the-ground
Best Literature in Portuguese,126,,Os Pastores da Noite,Jorge Amado,,,https://www.goodreads.com/book/show/802468.Shepherds_of_the_Night
Best Literature in Portuguese,127,,Libro de sonetos/ Book of Sonnets (Veintiuno/ Twenty One) (Spanish Edition),Vinicius de Moraes,,,https://www.goodreads.com/book/show/905044.Libro_de_sonetos_Book_of_Sonnets_Veintiuno_Twenty_One_
Best Literature in Portuguese,128,,A Correspondência de Fradique Mendes: Memórias e Notas,Eça de Queirós,,,https://www.goodreads.com/book/show/2434950.A_Correspond_ncia_de_Fradique_Mendes
Best Literature in Portuguese,129,,A Ilustre Casa de Ramires,Eça de Queirós,,,https://www.goodreads.com/book/show/13061961-a-ilustre-casa-de-ramires
Best Literature in Portuguese,130,,Memórias sentimentais de João Miramar,Oswald de Andrade,,,https://www.goodreads.com/book/show/426363.Mem_rias_sentimentais_de_Jo_o_Miramar
Best Literature in Portuguese,131,,A Casa Quieta,Rodrigo Guedes de Carvalho,,,https://www.goodreads.com/book/show/3265363-a-casa-quieta
Best Literature in Portuguese,133,,Antología Poética,Vinicius de Moraes,,,https://www.goodreads.com/book/show/905033.Antolog_a_Po_tica
Best Literature in Portuguese,134,,Ciranda de Pedra,Lygia Fagundes Telles,,,https://www.goodreads.com/book/show/4991993-ciranda-de-pedra
Best Literature in Portuguese,135,,Casa de Pensão,Aluísio Azevedo,,,https://www.goodreads.com/book/show/6592098-casa-de-pens-o
Best Literature in Portuguese,136,,Sabará 18: romance na Minas colonial,Carlos Gentil Vieira,,,https://www.goodreads.com/book/show/14426812-sabar-18
Best Literature in Portuguese,138,,O Chão dos Pardais,Dulce Maria Cardoso,,,https://www.goodreads.com/book/show/11504611-o-ch-o-dos-pardais
Best Literature in Portuguese,139,,O corpo morto de deus,Giselda Laporta Nicolelis,,,https://www.goodreads.com/book/show/10663013-o-corpo-morto-de-deus
Best Literature in Portuguese,140,,Deste Lado,Carlos Esse,,,https://www.goodreads.com/book/show/17450888-deste-lado
Best Literature in Portuguese,141,,Emigrantes,Ferreira de Castro,,,https://www.goodreads.com/book/show/13022899-emigrantes
Best Literature in Portuguese,142,,Antologia da Poesia Portuguesa Contemporânea: um panorama,Alberto da Costa e Silva,,,https://www.goodreads.com/book/show/15784109-antologia-da-poesia-portuguesa-contempor-nea
Best Literature in Portuguese,143,,Lira Dos Vinte Anos,Álvares de Azevedo,,,https://www.goodreads.com/book/show/2529168.Lira_Dos_Vinte_Anos
Best Literature in Portuguese,144,,Desmascarando as Teorias da Negação do Holocausto,James Morcan,,,https://www.goodreads.com/book/show/32738304-desmascarando-as-teorias-da-nega-o-do-holocausto
Best Literature in Portuguese,145,,Os dias gagos,Claudia Roquette-Pinto,,,https://www.goodreads.com/book/show/32868124-os-dias-gagos
Best Literature in Portuguese,146,,Anarquistas Graças a Deus,Zélia Gattai,,,https://www.goodreads.com/book/show/21480737-anarquistas-gra-as-a-deus
Best Literature in Portuguese,147,,Serranos,Mário Braga,,,https://www.goodreads.com/book/show/15849530-serranos
Best Literature in Portuguese,148,,Olhai os Lírios do Campo,Erico Verissimo,,,https://www.goodreads.com/book/show/7243443-olhai-os-l-rios-do-campo
Best Literature in Portuguese,149,,Angústia,Graciliano Ramos,,,https://www.goodreads.com/book/show/19189627-ang-stia
Best Literature in Portuguese,150,,Perto do Coração Selvagem,Clarice Lispector,,,https://www.goodreads.com/book/show/153425.Near_to_the_Wild_Heart
Best Literature in Portuguese,151,,Empty Wardrobes,Maria Judite de Carvalho,,,https://www.goodreads.com/book/show/57570055-empty-wardrobes
Best Literature in Portuguese,152,,Onde estivestes de noite,Clarice Lispector,,,https://www.goodreads.com/book/show/58729101-onde-estivestes-de-noite
Best Literature in Portuguese,153,,Canções e Outros Poemas,António Botto,,,https://www.goodreads.com/book/show/6816933-can-es-e-outros-poemas
Best Literature in Portuguese,154,,Os Retornados,Júlio Magalhães,,,https://www.goodreads.com/book/show/3414780-os-retornados
Best Literature in Portuguese,155,,Cinquenta Tons de Cinza,E.L. James,,,https://www.goodreads.com/book/show/10818853-fifty-shades-of-grey
Best Literature in Portuguese,156,,Folhas novas,Rosalía de Castro,,,https://www.goodreads.com/book/show/12413554-folhas-novas
Best Literature in Portuguese,157,,Cobra Norato,Raul Bopp,,,https://www.goodreads.com/book/show/6583217-cobra-norato
Best Literature in Portuguese,158,,Cordilheira,Daniel Galera,,,https://www.goodreads.com/book/show/5276351-cordilheira
Best Literature in Portuguese,159,,Propulsão Antigravitacional,James Morcan,,,https://www.goodreads.com/book/show/32608093-propuls-o-antigravitacional
Best Literature in Portuguese,160,,Toda Poesia,Paulo Leminski,,,https://www.goodreads.com/book/show/17455042-toda-poesia
Best Literature in Portuguese,161,,El banquero anarquista,Fernando Pessoa,,,https://www.goodreads.com/book/show/63169.El_banquero_anarquista
Best Literature in Portuguese,162,,Cartas Portuguesas - atribuídas a Mariana Alcoforado,Mariana Alcoforado,,,https://www.goodreads.com/book/show/20907949-cartas-portuguesas---atribu-das-a-mariana-alcoforado
Best Literature in Portuguese,163,,O Retorno,Dulce Maria Cardoso,,,https://www.goodreads.com/book/show/12971382-o-retorno
Best Literature in Portuguese,164,,O Bom-Crioulo (edição revista e anotada),Adolfo Caminha,,,https://www.goodreads.com/book/show/24601077-o-bom-crioulo
Best Literature in Portuguese,165,,Scórpio,Ricardo Carvalho Calero,,,https://www.goodreads.com/book/show/12413503-sc-rpio
Best Literature in Portuguese,166,,O Milagre Segundo Salomé - Volume I,José Rodrigues Miguéis,,,https://www.goodreads.com/book/show/13633022-o-milagre-segundo-salom---volume-i
Best Literature in Portuguese,167,,A Audácia Dessa Mulher,Ana Maria Machado,,,https://www.goodreads.com/book/show/587176.A_Aud_cia_Dessa_Mulher
Best Literature in Portuguese,168,,O Sorriso do Lagarto,João Ubaldo Ribeiro,,,https://www.goodreads.com/book/show/309315.O_Sorriso_do_Lagarto
Best Literature in Portuguese,170,,Doida Não e Não,Manuela Gonzaga,,,https://www.goodreads.com/book/show/7444403-doida-n-o-e-n-o
Best Literature in Portuguese,171,,Os Homens Nunca Saberão Nada Disto,Pat R,,,https://www.goodreads.com/book/show/28160517-os-homens-nunca-saber-o-nada-disto
Best Literature in Portuguese,172,,Nuvens baixas,Núria Añó,,,https://www.goodreads.com/book/show/46144744-nuvens-baixas
Best Literature in Portuguese,173,,O Tempo Entre Costuras,María Dueñas,,,https://www.goodreads.com/book/show/10836813-the-time-in-between
Best Literature in Portuguese,174,,A Jangada de Pedra,José Saramago,,,https://www.goodreads.com/book/show/1103776.A_Jangada_de_Pedra
Best Literature in Portuguese,175,,Eu,Augusto dos Anjos,,,https://www.goodreads.com/book/show/19832445-eu
Best Literature in Portuguese,176,,O Lustre,Clarice Lispector,,,https://www.goodreads.com/book/show/48903221-o-lustre
Best Literature in Portuguese,177,,Os Jogos Lésbios ou Os Amores de Joaninha,Arsénio de Chatenay,,,https://www.goodreads.com/book/show/61151101-os-jogos-l-sbios-ou-os-amores-de-joaninha
Best Literature in Portuguese,178,,Um Deus Passeando Pela Brisa da Tarde,Mário de Carvalho,,,https://www.goodreads.com/book/show/1106624.Um_Deus_Passeando_Pela_Brisa_da_Tarde
Best Literature in Portuguese,179,,Fazenda Modelo: Novela Pecuária,Chico Buarque,,,https://www.goodreads.com/book/show/3006384-fazenda-modelo
Best Literature in Portuguese,180,,O Codex 632,José Rodrigues dos Santos,,,https://www.goodreads.com/book/show/1420918.O_Codex_632
Best Literature in Portuguese,181,,Reticencias (Vento que zoa),Ricardo Carvalho Calero,,,https://www.goodreads.com/book/show/4252261-reticencias-vento-que-zoa
Best Literature in Portuguese,182,,Palladinum: Pesadelo perpétuo,Marcelo Amaral,,,https://www.goodreads.com/book/show/16093295-palladinum
Best Literature in Portuguese,183,,A Decadência dos Olfactos,Luís Caminha,,,https://www.goodreads.com/book/show/13722924-a-decad-ncia-dos-olfactos
Best Literature in Portuguese,184,,O Milagre Segundo Salomé - Volume II,José Rodrigues Miguéis,,,https://www.goodreads.com/book/show/13633026-o-milagre-segundo-salom---volume-ii
Best Literature in Portuguese,185,,Recados Da Mãe,Maria Teresa Maia Gonzalez,,,https://www.goodreads.com/book/show/8372642-recados-da-m-e
Best Literature in Portuguese,186,,Poética,Ana Cristina Cesar,,,https://www.goodreads.com/book/show/18748070-po-tica
Best Literature in Portuguese,187,,Primeiro Caderno do Aluno de Poesia Oswald de Andrade,Oswald de Andrade,,,https://www.goodreads.com/book/show/2623806-primeiro-caderno-do-aluno-de-poesia-oswald-de-andrade
Best Literature in Portuguese,188,,In Illo Tempore,José Francisco Trindade Coelho,,,https://www.goodreads.com/book/show/9698173-in-illo-tempore
Best Literature in Portuguese,189,,Fogo Morto,José Lins do Rego,,,https://www.goodreads.com/book/show/22663194-fogo-morto
Best Literature in Portuguese,190,,A Paixão Segundo G.H.,Clarice Lispector,,,https://www.goodreads.com/book/show/56122908-a-paix-o-segundo-g-h
Best Literature in Portuguese,191,,O Barão de Lavos,Abel Botelho,,,https://www.goodreads.com/book/show/17280366-o-bar-o-de-lavos
Best Literature in Portuguese,192,,Um Pinguim na Garagem,Luís Caminha,,,https://www.goodreads.com/book/show/7029690-um-pinguim-na-garagem
Best Literature in Portuguese,193,,Contos de aprendiz,Carlos Drummond de Andrade,,,https://www.goodreads.com/book/show/13601022-contos-de-aprendiz
Best Literature in Portuguese,194,,A Coisa Não-Deus,Alexandre Soares Silva,,,https://www.goodreads.com/book/show/6339905-a-coisa-n-o-deus
Best Literature in Portuguese,195,,A Lã e a Neve,Ferreira de Castro,,,https://www.goodreads.com/book/show/6720155-a-l-e-a-neve
Best Literature in Portuguese,196,,Pau-Brasil,Oswald de Andrade,,,https://www.goodreads.com/book/show/1866553.Pau_Brasil
Best Literature in Portuguese,197,,Mudança,Vergílio Ferreira,,,https://www.goodreads.com/book/show/7658167-mudan-a
Best Literature in Portuguese,198,,Os Grão-Capitães,Jorge de Sena,,,https://www.goodreads.com/book/show/7675885-os-gr-o-capit-es
Best Literature in Portuguese,199,,O Vento Assobiando nas Gruas,Lídia Jorge,,,https://www.goodreads.com/book/show/5462859-o-vento-assobiando-nas-gruas
Best Literature in Portuguese,200,,Fios de Prata - Reconstruindo Sandman,Raphael Draccon,,,https://www.goodreads.com/book/show/15846096-fios-de-prata---reconstruindo-sandman
Best Literature in Portuguese,201,,O Homem Cordial,Sérgio Buarque de Holanda,,,https://www.goodreads.com/book/show/18368835-o-homem-cordial
Best Literature in Portuguese,202,,Memórias de Uma Nota de Banco,Joaquim Paço d'Arcos,,,https://www.goodreads.com/book/show/26165662-mem-rias-de-uma-nota-de-banco
Best Literature in Portuguese,204,,Dispersão,Mário de Sá-Carneiro,,,https://www.goodreads.com/book/show/11094308-dispers-o
Best Literature in Portuguese,205,,Gente Feliz com Lágrimas,João de Melo,,,https://www.goodreads.com/book/show/6484873-gente-feliz-com-l-grimas
Best Literature in Portuguese,206,,Contos Completos de Lima Barreto,Lima Barreto,,,https://www.goodreads.com/book/show/18246474-contos-completos-de-lima-barreto
Best Literature in Portuguese,207,,Maria Francisca de Sabóia,Diana de Cadaval,,,https://www.goodreads.com/book/show/11596112-maria-francisca-de-sab-ia
Best Literature in Portuguese,208,,D. Pedro II: Ser ou não ser,José Murilo de Carvalho,,,https://www.goodreads.com/book/show/3436418-d-pedro-ii
Best Literature in Portuguese,209,,História Concisa de Portugal,José Hermano Saraiva,,,https://www.goodreads.com/book/show/369126.Hist_ria_Concisa_de_Portugal
Best Literature in Portuguese,210,,O Fotógrafo da Madeira,António Breda Carvalho,,,https://www.goodreads.com/book/show/16072243-o-fot-grafo-da-madeira
Best Literature in Portuguese,211,,Vrnitev,Dulce Maria Cardoso,,,https://www.goodreads.com/book/show/23588316-vrnitev
Best Literature in Portuguese,212,,A arte de morrer longe,Mário de Carvalho,,,https://www.goodreads.com/book/show/8304032-a-arte-de-morrer-longe
Best Literature in Portuguese,214,,Sinais de Fogo,Jorge de Sena,,,https://www.goodreads.com/book/show/9735043-sinais-de-fogo
Best Literature in Portuguese,215,,Luuanda,José Luandino Vieira,,,https://www.goodreads.com/book/show/545326.Luuanda
Best Literature in Portuguese,216,,Herdeiros de Atlântida,Eduardo Spohr,,,https://www.goodreads.com/book/show/12578860-herdeiros-de-atl-ntida
Best Literature in Portuguese,217,,Os Bruzundangas,Lima Barreto,,,https://www.goodreads.com/book/show/18304158-os-bruzundangas
Best Literature in Portuguese,218,,Não é o Fim do Mundo,Ana Nobre de Gusmão,,,https://www.goodreads.com/book/show/1878225.N_o_o_Fim_do_Mundo
Best Literature in Portuguese,219,,Ballet Rose,Francisco Moita Flores,,,https://www.goodreads.com/book/show/9249621-ballet-rose
Best Literature in Portuguese,220,,Conhecimento do Inferno,António Lobo Antunes,,,https://www.goodreads.com/book/show/12119804-conhecimento-do-inferno
Best Literature in Portuguese,221,,366 Poemas que Falam de Amor,Vasco Graça Moura,,,https://www.goodreads.com/book/show/7338965-366-poemas-que-falam-de-amor
Best Literature in Portuguese,222,,A Caverna,José Saramago,,,https://www.goodreads.com/book/show/17619923-a-caverna
Best Literature in Portuguese,223,,A bela e a fera,Clarice Lispector,,,https://www.goodreads.com/book/show/54146301-a-bela-e-a-fera
Best Literature in Portuguese,224,,A Batalha do Apocalipse,Eduardo Spohr,,,https://www.goodreads.com/book/show/2067912.A_Batalha_do_Apocalipse
Best Literature in Portuguese,225,,Clássicos da poesia brasileira (Coleção Livros O Globo nº18),Org. Frederico Barbosa,,,https://www.goodreads.com/book/show/19459897-cl-ssicos-da-poesia-brasileira
Best Literature in Portuguese,226,,A Breath of Life,Clarice Lispector,,,https://www.goodreads.com/book/show/13082431-a-breath-of-life
Best Literature in Portuguese,227,,A Little Larger Than the Entire Universe: Selected Poems,Fernando Pessoa,,,https://www.goodreads.com/book/show/63116.A_Little_Larger_Than_the_Entire_Universe
Best Literature in Portuguese,228,,O Gato e o Escuro,Mia Couto,,,https://www.goodreads.com/book/show/1146835.O_Gato_e_o_Escuro
Best Literature in Portuguese,229,,Outros escritos,Clarice Lispector,,,https://www.goodreads.com/book/show/56519377-outros-escritos
Best Literature in Portuguese,230,,O Sumiço da Santa,Jorge Amado,,,https://www.goodreads.com/book/show/1770594.The_War_of_the_Saints
Best Literature in Portuguese,231,,1822,Laurentino Gomes,,,https://www.goodreads.com/book/show/9320243-1822
Best Literature in Portuguese,232,,"Meio intelectual, meio de esquerda",Antonio Prata,,,https://www.goodreads.com/book/show/13264069-meio-intelectual-meio-de-esquerda
Best Literature in Portuguese,233,,Romance D’A Pedra do Reino e O Príncipe do Sangue do Vai-e-Volta,Ariano Suassuna,,,https://www.goodreads.com/book/show/2870236-romance-d-a-pedra-do-reino-e-o-pr-ncipe-do-sangue-do-vai-e-volta
Best Literature in Portuguese,234,,A descoberta do mundo,Clarice Lispector,,,https://www.goodreads.com/book/show/54470798-a-descoberta-do-mundo
Best Literature in Portuguese,235,,A Noite e a Madrugada,Fernando Namora,,,https://www.goodreads.com/book/show/6383836-a-noite-e-a-madrugada
Best Literature in Portuguese,236,,1889,Laurentino Gomes,,,https://www.goodreads.com/book/show/18231903-1889
Best Literature in Portuguese,237,,Psia,Arnaldo Antunes,,,https://www.goodreads.com/book/show/2716207-psia
Best Literature in Portuguese,238,,Na Margem do Rio Piedra Eu Sentei e Chorei,Paulo Coelho,,,https://www.goodreads.com/book/show/1428.By_the_River_Piedra_I_Sat_Down_and_Wept
Best Literature in Portuguese,239,,Para não esquecer,Clarice Lispector,,,https://www.goodreads.com/book/show/58394379-para-n-o-esquecer
Best Literature in Portuguese,240,,A Comissão Chapeleira,Renata Ventura,,,https://www.goodreads.com/book/show/23130574-a-comiss-o-chapeleira
Best Literature in Portuguese,241,,Poesia com Rapadura,Bráulio Bessa,,,https://www.goodreads.com/book/show/35519429-poesia-com-rapadura
Best Literature in Portuguese,242,,Viagem a Portugal,José Saramago,,,https://www.goodreads.com/book/show/3544101-journey-to-portugal
Best Literature in Portuguese,243,,A Maçã no Escuro,Clarice Lispector,,,https://www.goodreads.com/book/show/56625435-a-ma-no-escuro
Best Literature in Portuguese,244,,Bellini e a Esfinge,Tony Bellotto,,,https://www.goodreads.com/book/show/18632948-bellini-e-a-esfinge
Best Literature in Portuguese,245,,A Arma Escarlate,Renata Ventura,,,https://www.goodreads.com/book/show/18629075-a-arma-escarlate
Best Literature in Portuguese,246,,Myra,Maria Velho da Costa,,,https://www.goodreads.com/book/show/8497740-myra
Best Literature in Portuguese,247,,Era Uma Vez em Goa,Paulo Varela Gomes,,,https://www.goodreads.com/book/show/25050099-era-uma-vez-em-goa
Best Literature in Portuguese,248,,Um Sopro de Vida,Clarice Lispector,,,https://www.goodreads.com/book/show/56511498-um-sopro-de-vida
Best Literature in Portuguese,249,,A rainha dos cárceres da Grécia,Osman Lins,,,https://www.goodreads.com/book/show/18633984-a-rainha-dos-c-rceres-da-gr-cia
Best Literature in Portuguese,250,,No Buraco,Tony Bellotto,,,https://www.goodreads.com/book/show/15171356-no-buraco
Best Literature in Portuguese,251,,O Caso Morel,Rubem Fonseca,,,https://www.goodreads.com/book/show/19533130-o-caso-morel
Best Literature in Portuguese,252,,Contos do Nascer da Terra,Mia Couto,,,https://www.goodreads.com/book/show/7379540-contos-do-nascer-da-terra
Best Literature in Portuguese,253,,Mau Tempo no Canal,Vitorino Nemésio,,,https://www.goodreads.com/book/show/15826643-mau-tempo-no-canal
Best Literature in Portuguese,254,,A cidade sitiada,Clarice Lispector,,,https://www.goodreads.com/book/show/54356647-a-cidade-sitiada
Best Literature in Portuguese,255,,A chave de casa,Tatiana Salem Levy,,,https://www.goodreads.com/book/show/17792574-a-chave-de-casa
Best Literature in Portuguese,256,,Todas as Crônicas,Clarice Lispector,,,https://www.goodreads.com/book/show/40813230-todas-as-cr-nicas
Best Literature in Portuguese,257,,Sergeant Getúlio,João Ubaldo Ribeiro,,,https://www.goodreads.com/book/show/309290.Sergeant_Get_lio
Best Literature in Portuguese,258,,Daydream and Drunkenness of a Young Lady,Clarice Lispector,,,https://www.goodreads.com/book/show/36436062-daydream-and-drunkenness-of-a-young-lady
Best Literature in Portuguese,259,,Raízes do Brasil,Sérgio Buarque de Holanda,,,https://www.goodreads.com/book/show/1704315.Ra_zes_do_Brasil
Best Literature in Portuguese,260,,Corola,Claudia Roquette-Pinto,,,https://www.goodreads.com/book/show/126931414-corola
Best Literature in Portuguese,261,,Visão do esplendor: impressões leves,Clarice Lispector,,,https://www.goodreads.com/book/show/36641038-vis-o-do-esplendor
Best Literature in Portuguese,262,,Poemas,António Franco Alexandre,,,https://www.goodreads.com/book/show/59314818-poemas
Best Literature in Portuguese,263,,Os Contos de Belazarte,Mário de Andrade,,,https://www.goodreads.com/book/show/4822409-os-contos-de-belazarte
Best Literature in Portuguese,264,,Elogio da Mentira,Patrícia Melo,,,https://www.goodreads.com/book/show/1664489.In_Praise_of_Lies
Best Literature in Portuguese,265,,Poesias Completas,Mário de Andrade,,,https://www.goodreads.com/book/show/25122904-poesias-completas
Best Literature in Portuguese,266,,Margem de Manobra,Claudia Roquette-Pinto,,,https://www.goodreads.com/book/show/101777895-margem-de-manobra
Best Literature in Portuguese,267,,A via crucis do corpo,Clarice Lispector,,,https://www.goodreads.com/book/show/56305113-a-via-crucis-do-corpo
Best Literature in Portuguese,268,,Pode um Desejo Imenso,Frederico Lourenço,,,https://www.goodreads.com/book/show/9653522-pode-um-desejo-imenso
Best Literature in Portuguese,269,,Os Transparentes,Ondjaki,,,https://www.goodreads.com/book/show/16147589-os-transparentes
Best Literature in Portuguese,270,,A Rosa do Povo,Carlos Drummond de Andrade,,,https://www.goodreads.com/book/show/2534575.A_Rosa_do_Povo
Best Literature in Portuguese,271,,A Legião Estrangeira,Clarice Lispector,,,https://www.goodreads.com/book/show/58795722-a-legi-o-estrangeira
Best Literature in Portuguese,272,,Os da Minha Rua,Ondjaki,,,https://www.goodreads.com/book/show/40778977-os-da-minha-rua
Best Literature in Portuguese,273,,A Casa de Vidro,Ivan Ângelo,,,https://www.goodreads.com/book/show/2457653.Tower_of_Glass
Best Literature in Portuguese,274,,Uma Viagem à Índia,Gonçalo M. Tavares,,,https://www.goodreads.com/book/show/10696348-uma-viagem-ndia
Best Literature in Portuguese,275,,Seara Vermelha,Jorge Amado,,,https://www.goodreads.com/book/show/39736090-seara-vermelha
Best Literature in Portuguese,276,,Black Waltz,Patrícia Melo,,,https://www.goodreads.com/book/show/1656988.Black_Waltz
Best Literature in Portuguese,278,,Niketche: Uma História de Poligamia,Paulina Chiziane,,,https://www.goodreads.com/book/show/15813464-niketche
Best Literature in Portuguese,279,,Felicidade Clandestina,Clarice Lispector,,,https://www.goodreads.com/book/show/52531471-felicidade-clandestina
Best Literature in Portuguese,280,,Novas Cartas Portuguesas,Maria Isabel Barreno,,,https://www.goodreads.com/book/show/9938267-novas-cartas-portuguesas
Best Literature in Portuguese,281,,Childhood,Graciliano Ramos,,,https://www.goodreads.com/book/show/334234.Childhood
Best Literature in Portuguese,282,,Os Pescadores,Raul Brandão,,,https://www.goodreads.com/book/show/20627494-os-pescadores
Best Literature in Portuguese,283,,O Testamento do Sr. Napumoceno da Silva Araújo,Germano Almeida,,,https://www.goodreads.com/book/show/20694888-o-testamento-do-sr-napumoceno-da-silva-ara-jo
Best Literature in Portuguese,284,,O Continente - Volume II,Erico Verissimo,,,https://www.goodreads.com/book/show/7897004-o-continente---volume-ii
Best Literature in Portuguese,285,,"Um Rio Chamado Tempo, Uma Casa Chamada Terra",Mia Couto,,,https://www.goodreads.com/book/show/990201.Um_Rio_Chamado_Tempo_Uma_Casa_Chamada_Terra
Best Literature in Portuguese,287,,"O Erro de Descartes: Emoção, Razão e Cérebro Humano",António Damásio,,,https://www.goodreads.com/book/show/13453421-o-erro-de-descartes
Best Literature in Portuguese,288,,Homens Imprudentemente Poéticos,Valter Hugo Mãe,,,https://www.goodreads.com/book/show/32056179-homens-imprudentemente-po-ticos
Best Literature in Portuguese,289,,D. Afonso Henriques,Diogo Freitas do Amaral,,,https://www.goodreads.com/book/show/2543413.D_Afonso_Henriques
Best Literature in Portuguese,290,,Salazar: Uma Biografia Política,Filipe Ribeiro de Meneses,,,https://www.goodreads.com/book/show/9281320-salazar
Best Literature in Portuguese,291,,O amor é fodido,Miguel Esteves Cardoso,,,https://www.goodreads.com/book/show/6225169-o-amor-fodido
Best Literature in Portuguese,292,,Livro de Soror Saudade,Florbela Espanca,,,https://www.goodreads.com/book/show/17694614-livro-de-soror-saudade
Best Literature in Portuguese,293,,O ano em que não ia haver verão,Rute Silva Correia,,,https://www.goodreads.com/book/show/20718599-o-ano-em-que-n-o-ia-haver-ver-o
Best Literature in Portuguese,294,,Na Sombra das Palavras,Ângelo Teodoro,,,https://www.goodreads.com/book/show/22461082-na-sombra-das-palavras
Best Literature in Portuguese,295,,Todos os Poemas,Ruy Belo,,,https://www.goodreads.com/book/show/13632763-todos-os-poemas
Best Literature in Portuguese,296,,Mar Morto,Jorge Amado,,,https://www.goodreads.com/book/show/1397673.Mar_Morto
Best Literature in Portuguese,297,,O Milionário de Lisboa,José Norton,,,https://www.goodreads.com/book/show/12719543-o-milion-rio-de-lisboa
Best Literature in Portuguese,298,,Memorial de Aires,Machado de Assis,,,https://www.goodreads.com/book/show/1436908.Memorial_de_Aires
Best Literature in Portuguese,299,,As Máscaras da Paixão,Maria Lucília F. Meleiro,,,https://www.goodreads.com/book/show/25326426-as-m-scaras-da-paix-o
Best Literature in Portuguese,300,,Iaiá Garcia,Machado de Assis,,,https://www.goodreads.com/book/show/1436913.Iai_Garcia
Best Literature in Portuguese,301,,A Chama ao Vento,Carla M. Soares,,,https://www.goodreads.com/book/show/21976959-a-chama-ao-vento
Best Literature in Portuguese,302,,O Assassino do Aqueduto,Anabela Natário,,,https://www.goodreads.com/book/show/20531591-o-assassino-do-aqueduto
Best Literature in Portuguese,303,,O Homem Nu,Fernando Sabino,,,https://www.goodreads.com/book/show/91176.O_Homem_Nu
Best Literature in Portuguese,304,,A Última Noite em Lisboa,Sérgio Luís de Carvalho,,,https://www.goodreads.com/book/show/20808433-a-ltima-noite-em-lisboa
Best Literature in Portuguese,305,,Um Copo de Cólera,Raduan Nassar,,,https://www.goodreads.com/book/show/12611738-um-copo-de-c-lera
Best Literature in Portuguese,306,,Poesia,José Gomes Ferreira,,,https://www.goodreads.com/book/show/28797808-poesia
Best Literature in Portuguese,307,,Misterios,Lygia Fagundes Telles,,,https://www.goodreads.com/book/show/13560612-misterios
Best Literature in Portuguese,308,,O Diário Oculto de Nora Rute,Mário Zambujal,,,https://www.goodreads.com/book/show/18936435-o-di-rio-oculto-de-nora-rute
Best Literature in Portuguese,309,,Poesia,Eugénio de Andrade,,,https://www.goodreads.com/book/show/6780686-poesia
Best Literature in Portuguese,310,,Seminário dos Ratos,Lygia Fagundes Telles,,,https://www.goodreads.com/book/show/13560239-semin-rio-dos-ratos
Best Literature in Portuguese,311,,Mafalda de Sabóia,Diana de Cadaval,,,https://www.goodreads.com/book/show/17252309-mafalda-de-sab-ia
Best Literature in Portuguese,313,,A Disciplina do Amor,Lygia Fagundes Telles,,,https://www.goodreads.com/book/show/9968019-a-disciplina-do-amor
Best Literature in Portuguese,314,,D. Teresa de Távora – A Amante do Rei,Sara Rodi,,,https://www.goodreads.com/book/show/18139951-d-teresa-de-t-vora-a-amante-do-rei
Best Literature in Portuguese,315,,Com os Meus Olhos de Cão,Hilda Hilst,,,https://www.goodreads.com/book/show/18209522-with-my-dog-eyes
Best Literature in Portuguese,316,,"Poesia, Saudade da Prosa",Manuel António Pina,,,https://www.goodreads.com/book/show/12602388-poesia-saudade-da-prosa
Best Literature in Portuguese,317,,No Meu Peito Não Cabem Pássaros,Nuno Camarneiro,,,https://www.goodreads.com/book/show/11802517-no-meu-peito-n-o-cabem-p-ssaros
Best Literature in Portuguese,318,,There Were Many Horses,Luiz Ruffato,,,https://www.goodreads.com/book/show/21888213-there-were-many-horses
Best Literature in Portuguese,319,,Antologia Poética,Natália Correia,,,https://www.goodreads.com/book/show/20577342-antologia-po-tica
Best Literature in Portuguese,320,,Alma Rebelde,Carla M. Soares,,,https://www.goodreads.com/book/show/13599463-alma-rebelde
Best Literature in Portuguese,321,,Snakes' Nest: or A Tale Badly Told,Lêdo Ivo,,,https://www.goodreads.com/book/show/6715687-snakes-nest
Best Literature in Portuguese,322,,Poesia,Daniel Faria,,,https://www.goodreads.com/book/show/29444599-poesia
Best Literature in Portuguese,323,,O Coronel e o Lobisomem,José Cândido de Carvalho,,,https://www.goodreads.com/book/show/6369931-o-coronel-e-o-lobisomem
Best Literature in Portuguese,324,,O Rei do Monte Brasil,Ana Cristina Silva,,,https://www.goodreads.com/book/show/16003705-o-rei-do-monte-brasil
Best Literature in Portuguese,325,,Crow Blue,Adriana Lisboa,,,https://www.goodreads.com/book/show/18169614-crow-blue
Best Literature in Portuguese,326,,A Farsa,Raul Brandão,,,https://www.goodreads.com/book/show/6385107-a-farsa
Best Literature in Portuguese,327,,Cleo e Daniel,Roberto Freire,,,https://www.goodreads.com/book/show/6702748-cleo-e-daniel
Best Literature in Portuguese,328,,A Dança da Vida,Gustavo Santos,,,https://www.goodreads.com/book/show/16067052-a-dan-a-da-vida
Best Literature in Portuguese,330,,Buried Strangers,Leighton Gage,,,https://www.goodreads.com/book/show/4443324-buried-strangers
Best Literature in Portuguese,331,,Cidades Mortas,Monteiro Lobato,,,https://www.goodreads.com/book/show/6072729-cidades-mortas
Best Literature in Portuguese,332,,Memórias de Branca Dias,Miguel Real,,,https://www.goodreads.com/book/show/12393404-mem-rias-de-branca-dias
Best Literature in Portuguese,333,,Dying Gasp,Leighton Gage,,,https://www.goodreads.com/book/show/6542581-dying-gasp
Best Literature in Portuguese,334,,Perfect Hatred,Leighton Gage,,,https://www.goodreads.com/book/show/13573060-perfect-hatred
Best Literature in Portuguese,335,,Os Poemas Possíveis,José Saramago,,,https://www.goodreads.com/book/show/22912879-os-poemas-poss-veis
Best Literature in Portuguese,337,,Este Livro que Vos Deixo...,António Aleixo,,,https://www.goodreads.com/book/show/8999796-este-livro-que-vos-deixo
Best Literature in Portuguese,338,,Cemitério de elefantes,Dalton Trevisan,,,https://www.goodreads.com/book/show/2722921-cemit-rio-de-elefantes
Best Literature in Portuguese,339,,A Vine in the Blood,Leighton Gage,,,https://www.goodreads.com/book/show/11104345-a-vine-in-the-blood
Best Literature in Portuguese,340,,"Olga: A Vida de Olga Benário Prestes, Judia Comunista Entregue a Hitler pelo Governo de Vargas",Fernando Morais,,,https://www.goodreads.com/book/show/2595037-olga
Best Literature in Portuguese,341,,Every Bitter Thing,Leighton Gage,,,https://www.goodreads.com/book/show/7977061-every-bitter-thing
Best Literature in Portuguese,342,,"O Que é Isso, Companheiro?",Fernando Gabeira,,,https://www.goodreads.com/book/show/3275263-o-que-isso-companheiro
Best Literature in Portuguese,343,,A Rosa do Adro,Manuel Rodrigues,,,https://www.goodreads.com/book/show/6868249-a-rosa-do-adro
Best Literature in Portuguese,344,,Cão Como Nós,Manuel Alegre,,,https://www.goodreads.com/book/show/3195992-c-o-como-n-s
Best Literature in Portuguese,345,,Hotel Brasil,Frei Betto,,,https://www.goodreads.com/book/show/17675330-hotel-brasil
Best Literature in Portuguese,346,,Contos,Eça de Queirós,,,https://www.goodreads.com/book/show/2490597.Contos
Best Literature in Portuguese,347,,Sambaqui: A Novel of Pre-History,Stella Carr,,,https://www.goodreads.com/book/show/2933453-sambaqui
Best Literature in Portuguese,348,,Rio das Flores,Miguel Sousa Tavares,,,https://www.goodreads.com/book/show/2397244.Rio_das_Flores
Best Literature in Portuguese,349,,My Two Worlds,Sergio Chejfec,,,https://www.goodreads.com/book/show/10277960-my-two-worlds
Best Literature in Portuguese,350,,Não Verás País Nenhum,Ignácio de Loyola Brandão,,,https://www.goodreads.com/book/show/16284824-and-still-the-earth
Best Literature in Portuguese,351,,A Ilha,Fernando Morais,,,https://www.goodreads.com/book/show/716384.A_Ilha
Best Literature in Portuguese,352,,A Descoberta da América pelos Turcos,Jorge Amado,,,https://www.goodreads.com/book/show/13542989-the-discovery-of-america-by-the-turks
Best Literature in Portuguese,353,,El Analista de Bagé,Luis Fernando Verissimo,,,https://www.goodreads.com/book/show/1357687.El_Analista_de_Bag_
Best Literature in Portuguese,354,,Senhores da Noite,Carla Ribeiro,,,https://www.goodreads.com/book/show/7845468-senhores-da-noite
Best Literature in Portuguese,355,,Zero,Ignácio de Loyola Brandão,,,https://www.goodreads.com/book/show/608787.Zero
Best Literature in Portuguese,357,,High Art,Rubem Fonseca,,,https://www.goodreads.com/book/show/170963.High_Art
Best Literature in Portuguese,358,,Seraphim Grosse Pointe,Oswald de Andrade,,,https://www.goodreads.com/book/show/314172.Seraphim_Grosse_Pointe
Best Literature in Portuguese,359,,Inferno,Patrícia Melo,,,https://www.goodreads.com/book/show/1664490.Inferno
Best Literature in Portuguese,360,,"Pen, Sword, Camisole",Jorge Amado,,,https://www.goodreads.com/book/show/2314739.Pen_Sword_Camisole
Best Literature in Portuguese,361,,Artigo indefinido: crônicas literárias,Paulo Mendes Campos,,,https://www.goodreads.com/book/show/3006381-artigo-indefinido
Best Literature in Portuguese,362,,The Killer: A Psychological Thriller,Patrícia Melo,,,https://www.goodreads.com/book/show/1664491.The_Killer
Best Literature in Portuguese,363,,O Silêncio da Chuva,Luiz Alfredo Garcia-Roza,,,https://www.goodreads.com/book/show/1686113.The_Silence_of_the_Rain
Best Literature in Portuguese,364,,Borges e os Orangotangos Eternos,Luis Fernando Verissimo,,,https://www.goodreads.com/book/show/44039.Borges_and_the_Eternal_Orangutans
Best Literature in Portuguese,365,,Dinora,Dalton Trevisan,,,https://www.goodreads.com/book/show/836134.Dinora
Best Literature in Portuguese,366,,Soulstorm: Stories,Clarice Lispector,,,https://www.goodreads.com/book/show/153455.Soulstorm
Best Literature in Portuguese,367,,Para Viver um Grande Amor: Crônicas e Poemas,Vinicius de Moraes,,,https://www.goodreads.com/book/show/905049.Para_Viver_um_Grande_Amor
Best Literature in Portuguese,368,,Objeto Quase,José Saramago,,,https://www.goodreads.com/book/show/13404048-the-lives-of-things
Best Literature in Portuguese,369,,Bufo & Spallanzani,Rubem Fonseca,,,https://www.goodreads.com/book/show/1545584.Bufo_Spallanzani
Best Literature in Portuguese,370,,Manual Of Painting And Calligraphy: A Novel,José Saramago,,,https://www.goodreads.com/book/show/12385372-manual-of-painting-and-calligraphy
Best Literature in Portuguese,371,,Corpo,Carlos Drummond de Andrade,,,https://www.goodreads.com/book/show/2302524.Corpo
Best Literature in Portuguese,372,,Seleta em prosa e verso - Carlos Drummond de Andrade,Carlos Drummond de Andrade,,,https://www.goodreads.com/book/show/2183651.Seleta_em_prosa_e_verso_Carlos_Drummond_de_Andrade
Best Literature in Portuguese,373,,Blindness,José Saramago,,,https://www.goodreads.com/book/show/40495148-blindness
Best Literature in Portuguese,374,,Memórias póstumas de Brás Cubas,Machado de Assis,,,https://www.goodreads.com/book/show/87264.Mem_rias_p_stumas_de_Br_s_Cubas
Best Literature in Portuguese,375,,Os Maias,Eça de Queirós,,,https://www.goodreads.com/book/show/1249630.Os_Maias
Best Literature in Portuguese,376,,Livro do Desassossego,Fernando Pessoa,,,https://www.goodreads.com/book/show/40881621-the-book-of-disquiet
Best Literature in Portuguese,377,,Dom Casmurro,Machado de Assis,,,https://www.goodreads.com/book/show/82888.Dom_Casmurro
Best Literature in Portuguese,378,,Os Lusíadas,Luís de Camões,,,https://www.goodreads.com/book/show/797165.The_Lusiads
Best Literature in Portuguese,380,,Capitães da areia,Jorge Amado,,,https://www.goodreads.com/book/show/723456.Capit_es_da_areia
Best Literature in Portuguese,381,,Vidas Secas,Graciliano Ramos,,,https://www.goodreads.com/book/show/334227.Vidas_Secas
Best Literature in Portuguese,382,,Auto da Barca do Inferno,Gil Vicente,,,https://www.goodreads.com/book/show/4992047-auto-da-barca-do-inferno
Best Literature in Portuguese,383,,Mensagem - Poemas Esotéricos,Fernando Pessoa,,,https://www.goodreads.com/book/show/592221.Mensagem_Poemas_Esot_ricos
Best Literature in Portuguese,384,,Grande Sertão: Veredas,João Guimarães Rosa,,,https://www.goodreads.com/book/show/2363958.Grande_Sert_o
Best Literature in Portuguese,386,,O Alquimista,Paulo Coelho,,,https://www.goodreads.com/book/show/865.The_Alchemist
Best Literature in Portuguese,387,,O Evangelho Segundo Jesus Cristo,José Saramago,,,https://www.goodreads.com/book/show/28859.The_Gospel_According_to_Jesus_Christ
Best Literature in Portuguese,388,,O alienista,Machado de Assis,,,https://www.goodreads.com/book/show/87263.O_alienista
Best Literature in Portuguese,389,,A Cidade e as Serras,Eça de Queirós,,,https://www.goodreads.com/book/show/1092477.A_Cidade_e_as_Serras
Best Literature in Portuguese,390,,O Primo Basílio,Eça de Queirós,,,https://www.goodreads.com/book/show/716132.O_Primo_Bas_lio
Best Literature in Portuguese,392,,O Ano da Morte de Ricardo Reis,José Saramago,,,https://www.goodreads.com/book/show/2536.The_Year_of_the_Death_of_Ricardo_Reis
Best Literature in Portuguese,393,,"Gabriela, clavo y canela",Jorge Amado,,,https://www.goodreads.com/book/show/91659.Gabriela_clavo_y_canela
Best Literature in Portuguese,394,,O Crime do Padre Amaro,Eça de Queirós,,,https://www.goodreads.com/book/show/1008335.The_Crime_of_Father_Amaro
Best Literature in Portuguese,395,,Poemas de Álvaro de Campos,Fernando Pessoa,,,https://www.goodreads.com/book/show/8070004-poemas-de-lvaro-de-campos
Best Literature in Portuguese,396,,Auto da Compadecida,Ariano Suassuna,,,https://www.goodreads.com/book/show/187209.Auto_da_Compadecida
Best Literature in Portuguese,397,,Amor de Perdição,Camilo Castelo Branco,,,https://www.goodreads.com/book/show/909710.Amor_de_Perdi_o
Best Literature in Portuguese,398,,Viagens na Minha Terra,Almeida Garrett,,,https://www.goodreads.com/book/show/697341.Viagens_na_Minha_Terra
Best Literature in Portuguese,399,,O Cortiço,Aluísio Azevedo,,,https://www.goodreads.com/book/show/3493168-o-corti-o
Best Literature in Portuguese,400,,Budapeste,Chico Buarque,,,https://www.goodreads.com/book/show/440456.Budapeste
Best Literature in Portuguese,401,,Todos os Nomes,José Saramago,,,https://www.goodreads.com/book/show/2528.All_the_Names
Best Literature in Portuguese,402,,As Pupilas do Senhor Reitor,Júlio Dinis,,,https://www.goodreads.com/book/show/2259479.As_Pupilas_do_Senhor_Reitor
Best Literature in Portuguese,403,,Quincas Borba,Machado de Assis,,,https://www.goodreads.com/book/show/87265.Quincas_Borba
Best Literature in Portuguese,404,,A Menina do Mar,Sophia de Mello Breyner Andresen,,,https://www.goodreads.com/book/show/6480073-a-menina-do-mar
Best Literature in Portuguese,405,,A Lua de Joana,Maria Teresa Maia Gonzalez,,,https://www.goodreads.com/book/show/1830571.A_Lua_de_Joana
Best Literature in Portuguese,406,,Veronika Decide Morrer,Paulo Coelho,,,https://www.goodreads.com/book/show/1431.Veronika_Decides_to_Die
Best Literature in Portuguese,407,,Frei Luís de Sousa,Almeida Garrett,,,https://www.goodreads.com/book/show/6321378-frei-lu-s-de-sousa
Best Literature in Portuguese,408,,Bichos,Miguel Torga,,,https://www.goodreads.com/book/show/3671722-bichos
Best Literature in Portuguese,409,,A Relíquia,Eça de Queirós,,,https://www.goodreads.com/book/show/2967308-a-rel-quia
Best Literature in Portuguese,410,,Poemas Completos de Alberto Caeiro,Fernando Pessoa,,,https://www.goodreads.com/book/show/905084.The_Collected_Poems_of_Alberto_Caeiro
Best Literature in Portuguese,411,,Meu Pé de Laranja Lima,José Mauro de Vasconcelos,,,https://www.goodreads.com/book/show/58230.Meu_P_de_Laranja_Lima
Best Literature in Portuguese,412,,A Morgadinha dos Canaviais,Júlio Dinis,,,https://www.goodreads.com/book/show/7278405-a-morgadinha-dos-canaviais
Best Literature in Portuguese,413,,Dona Flor e Seus Dois Maridos,Jorge Amado,,,https://www.goodreads.com/book/show/147039.Dona_Flor_and_Her_Two_Husbands
Best Literature in Portuguese,414,,Seeing,José Saramago,,,https://www.goodreads.com/book/show/47667.Seeing
Best Literature in Portuguese,415,,Senhora,José de Alencar,,,https://www.goodreads.com/book/show/1093674.Senhora
Best Literature in Portuguese,416,,A Queda dum Anjo,Camilo Castelo Branco,,,https://www.goodreads.com/book/show/3401591-a-queda-dum-anjo
Best Literature in Portuguese,417,,História do Cerco de Lisboa,José Saramago,,,https://www.goodreads.com/book/show/29567.The_History_of_the_Siege_of_Lisbon
Best Literature in Portuguese,418,,O Gato Malhado e a Andorinha Sinhá: Uma História de Amor,Jorge Amado,,,https://www.goodreads.com/book/show/3143473-o-gato-malhado-e-a-andorinha-sinh
Best Literature in Portuguese,419,,Morte e Vida Severina e Outros Poemas Para Vozes,João Cabral de Melo Neto,,,https://www.goodreads.com/book/show/2895492-morte-e-vida-severina-e-outros-poemas-para-vozes
Best Literature in Portuguese,420,,A Sibila,Agustina Bessa-Luís,,,https://www.goodreads.com/book/show/3380429-a-sibila
Best Literature in Portuguese,421,,O Livro de Cesário Verde,Cesário Verde,,,https://www.goodreads.com/book/show/1720447.O_Livro_de_Ces_rio_Verde
Best Literature in Portuguese,422,,O Continente - Volume I,Erico Verissimo,,,https://www.goodreads.com/book/show/624672.O_Continente_Volume_I
Best Literature in Portuguese,423,,Sermões,António Vieira,,,https://www.goodreads.com/book/show/6394665-serm-es
Best Literature in Portuguese,424,,Manhã Submersa,Vergílio Ferreira,,,https://www.goodreads.com/book/show/2433689.Manh_Submersa
Best Literature in Portuguese,425,,A Viagem do Elefante,José Saramago,,,https://www.goodreads.com/book/show/5574353-a-viagem-do-elefante
Best Literature in Portuguese,426,,Livro,José Luís Peixoto,,,https://www.goodreads.com/book/show/9164740-livro
Best Literature in Portuguese,427,,Equador,Miguel Sousa Tavares,,,https://www.goodreads.com/book/show/1140942.Equador
Best Literature in Portuguese,429,,Só,António Nobre,,,https://www.goodreads.com/book/show/6384013-s
Best Literature in Portuguese,430,,Memórias de um sargento de milícias,Manuel Antônio de Almeida,,,https://www.goodreads.com/book/show/1026496.Mem_rias_de_um_sargento_de_mil_cias
Best Literature in Portuguese,432,,Os Cus de Judas,António Lobo Antunes,,,https://www.goodreads.com/book/show/1487623.Os_Cus_de_Judas
Best Literature in Portuguese,433,,Poesia Lírica,Luís de Camões,,,https://www.goodreads.com/book/show/2435263.Poesia_L_rica
Best Literature in Portuguese,434,,Sagarana,João Guimarães Rosa,,,https://www.goodreads.com/book/show/2260391.Sagarana
Best Literature in Portuguese,435,,Uma Família Inglesa,Júlio Dinis,,,https://www.goodreads.com/book/show/716321.Uma_Fam_lia_Inglesa
Best Literature in Portuguese,436,,Cemitério de Pianos,José Luís Peixoto,,,https://www.goodreads.com/book/show/2531634.Cemit_rio_de_Pianos
Best Literature in Portuguese,437,,O Triste Fim de Policarpo Quaresma,Lima Barreto,,,https://www.goodreads.com/book/show/830875.O_Triste_Fim_de_Policarpo_Quaresma
Best Literature in Portuguese,438,,O Conto da Ilha Desconhecida,José Saramago,,,https://www.goodreads.com/book/show/2529.The_Tale_of_the_Unknown_Island
Best Literature in Portuguese,439,,Aparição,Vergílio Ferreira,,,https://www.goodreads.com/book/show/2605280-apari-o
Best Literature in Portuguese,440,,O Mandarim,Eça de Queirós,,,https://www.goodreads.com/book/show/8691741-o-mandarim
Best Literature in Portuguese,441,,Clepsidra,Camilo Pessanha,,,https://www.goodreads.com/book/show/8187291-clepsidra
Best Literature in Portuguese,442,,Antologia Poética,Carlos Drummond de Andrade,,,https://www.goodreads.com/book/show/2183646.Antologia_Po_tica
Best Literature in Portuguese,444,,São Bernardo,Graciliano Ramos,,,https://www.goodreads.com/book/show/334233.S_o_Bernardo
Best Literature in Portuguese,445,,Odes,Fernando Pessoa,,,https://www.goodreads.com/book/show/249077.Odes
Best Literature in Portuguese,446,,Céu Em Fogo,Mário de Sá-Carneiro,,,https://www.goodreads.com/book/show/922596.C_u_Em_Fogo
Best Literature in Portuguese,447,,"Eurico, O Presbítero",Alexandre Herculano,,,https://www.goodreads.com/book/show/1901061.Eurico_O_Presb_tero
Best Literature in Portuguese,448,,Obra Poética - Volume I,Sophia de Mello Breyner Andresen,,,https://www.goodreads.com/book/show/1812561.Obra_Po_tica_Volume_I
Best Literature in Portuguese,449,,Tieta,Jorge Amado,,,https://www.goodreads.com/book/show/214839.Tieta
Best Literature in Portuguese,450,,O Aprendiz do Arquimago,Michael A. Iora,,,https://www.goodreads.com/book/show/26177175-o-aprendiz-do-arquimago
Best Literature in Portuguese,451,,Nenhum Olhar,José Luís Peixoto,,,https://www.goodreads.com/book/show/2595115-the-implacable-order-of-things
Best Literature in Portuguese,452,,Feliz Ano Velho,Marcelo Rubens Paiva,,,https://www.goodreads.com/book/show/716397.Feliz_Ano_Velho
Best Literature in Portuguese,453,,Obra Completa,Luís de Camões,,,https://www.goodreads.com/book/show/6336005-obra-completa
Best Literature in Portuguese,454,,Noite na Taverna,Álvares de Azevedo,,,https://www.goodreads.com/book/show/2547421.Noite_na_Taverna
Best Literature in Portuguese,455,,Poesia Completa,Florbela Espanca,,,https://www.goodreads.com/book/show/14619310-poesia-completa
Best Literature in Portuguese,456,,O Gênio do Crime,João Carlos Marinho,,,https://www.goodreads.com/book/show/3452306-o-g-nio-do-crime
Best Literature in Portuguese,457,,Tereza Batista Cansada de Guerra,Jorge Amado,,,https://www.goodreads.com/book/show/420046.Tereza_Batista
Best Literature in Portuguese,458,,Iracema,José de Alencar,,,https://www.goodreads.com/book/show/1226765.Iracema
Best Literature in Portuguese,459,,A Morte e a Morte de Quincas Berro d'Água,Jorge Amado,,,https://www.goodreads.com/book/show/214850.The_Two_Deaths_of_Quincas_Wateryell
Best Literature in Portuguese,460,,Peregrinação - Volume I,Fernão Mendes Pinto,,,https://www.goodreads.com/book/show/12981894-peregrina-o---volume-i
Best Literature in Portuguese,461,,Poesia Completa 1842 - 1891,Antero de Quental,,,https://www.goodreads.com/book/show/13632268-poesia-completa-1842---1891
Best Literature in Portuguese,462,,Obra poética de Fernando Pessoa,Fernando Pessoa,,,https://www.goodreads.com/book/show/2706530-obra-po-tica-de-fernando-pessoa
Best Literature in Portuguese,464,,Sermão de Santo António aos Peixes,António Vieira,,,https://www.goodreads.com/book/show/7796977-serm-o-de-santo-ant-nio-aos-peixes
Best Literature in Portuguese,465,,Tenda dos Milagres,Jorge Amado,,,https://www.goodreads.com/book/show/214836.Tent_of_Miracles
Best Literature in Portuguese,466,,Menina e Moça,Bernardim Ribeiro,,,https://www.goodreads.com/book/show/15763981-menina-e-mo-a
Best Literature in Portuguese,467,,Mira los Lirios del Campo,Erico Verissimo,,,https://www.goodreads.com/book/show/3006178-mira-los-lirios-del-campo
Best Literature in Portuguese,468,,Lendas e Narrativas,Alexandre Herculano,,,https://www.goodreads.com/book/show/7697032-lendas-e-narrativas
Best Literature in Portuguese,469,,A Filha do Capitão,José Rodrigues dos Santos,,,https://www.goodreads.com/book/show/3768106-a-filha-do-capit-o
Best Literature in Portuguese,470,,Lavoura arcaica,Raduan Nassar,,,https://www.goodreads.com/book/show/3280430-lavoura-arcaica
Best Literature in Portuguese,471,,O Menino Maluquinho,Ziraldo,,,https://www.goodreads.com/book/show/1796355.O_Menino_Maluquinho
Best Literature in Portuguese,472,,Húmus,Raul Brandão,,,https://www.goodreads.com/book/show/6359364-h-mus
"Melhores livros de Fantasia, Sci-Fi e Ficção Histórica traduzidos para o Brasil",2,,Sabriel,Garth Nix,,,https://www.goodreads.com/book/show/1042542.Sabriel
"Melhores livros de Fantasia, Sci-Fi e Ficção Histórica traduzidos para o Brasil",3,,I Am Legend,Richard Matheson,,,https://www.goodreads.com/book/show/14064.I_Am_Legend
"Melhores livros de Fantasia, Sci-Fi e Ficção Histórica traduzidos para o Brasil",4,,O Ninho do Dragão,Emily Rodda,,,https://www.goodreads.com/book/show/12505159-o-ninho-do-drag-o
"Melhores livros de Fantasia, Sci-Fi e Ficção Histórica traduzidos para o Brasil",5,,O mar de monstros,Rick Riordan,,,https://www.goodreads.com/book/show/6642670-o-mar-de-monstros
"Melhores livros de Fantasia, Sci-Fi e Ficção Histórica traduzidos para o Brasil",6,,A Irmã do Sul,Emily Rodda,,,https://www.goodreads.com/book/show/12505190-a-irm-do-sul
"Melhores livros de Fantasia, Sci-Fi e Ficção Histórica traduzidos para o Brasil",7,,Shadowgate,Emily Rodda,,,https://www.goodreads.com/book/show/212682.Shadowgate
"Melhores livros de Fantasia, Sci-Fi e Ficção Histórica traduzidos para o Brasil",9,,Laranja Mecânica,Anthony Burgess,,,https://www.goodreads.com/book/show/2748046-laranja-mec-nica
"Melhores livros de Fantasia, Sci-Fi e Ficção Histórica traduzidos para o Brasil",10,,O Ladrão de Crianças,Brom,,,https://www.goodreads.com/book/show/22042680-o-ladr-o-de-crian-as
"Melhores livros de Fantasia, Sci-Fi e Ficção Histórica traduzidos para o Brasil",11,,O Circo Mecânico Tresaulti,Genevieve Valentine,,,https://www.goodreads.com/book/show/18211248-o-circo-mec-nico-tresaulti
"Melhores livros de Fantasia, Sci-Fi e Ficção Histórica traduzidos para o Brasil",12,,Admirável mundo novo,Aldous Huxley,,,https://www.goodreads.com/book/show/4220944-admir-vel-mundo-novo
"Melhores livros de Fantasia, Sci-Fi e Ficção Histórica traduzidos para o Brasil",13,,Mundo Sem Fim,Ken Follett,,,https://www.goodreads.com/book/show/7632411-mundo-sem-fim
"Melhores livros de Fantasia, Sci-Fi e Ficção Histórica traduzidos para o Brasil",14,,"Os Pilares da Terra, Volume I",Ken Follett,,,https://www.goodreads.com/book/show/2411565.Os_Pilares_da_Terra_Volume_I
"Melhores livros de Fantasia, Sci-Fi e Ficção Histórica traduzidos para o Brasil",15,,As Brumas de Avalon,Marion Zimmer Bradley,,,https://www.goodreads.com/book/show/12633384-as-brumas-de-avalon
"Melhores livros de Fantasia, Sci-Fi e Ficção Histórica traduzidos para o Brasil",16,,Foundryside: Às margens da fundição,Robert Jackson Bennett,,,https://www.goodreads.com/book/show/58404783-foundryside
"Melhores livros de Fantasia, Sci-Fi e Ficção Histórica traduzidos para o Brasil",17,,Redemption,Regina M. Joseph,,,https://www.goodreads.com/book/show/60197387-redemption
"Melhores livros de Fantasia, Sci-Fi e Ficção Histórica traduzidos para o Brasil",18,,O Feiticeiro de Terramar,Ursula K. Le Guin,,,https://www.goodreads.com/book/show/29612782-o-feiticeiro-de-terramar
"Melhores livros de Fantasia, Sci-Fi e Ficção Histórica traduzidos para o Brasil",19,,Shorefall: A Noite do Caos,Robert Jackson Bennett,,,https://www.goodreads.com/book/show/62312018-shorefall
"Melhores livros de Fantasia, Sci-Fi e Ficção Histórica traduzidos para o Brasil",20,,Locklands,Robert Jackson Bennett,,,https://www.goodreads.com/book/show/200317128-locklands
"Melhores livros de Fantasia, Sci-Fi e Ficção Histórica traduzidos para o Brasil",21,,Assassin's Creed: Irmandade,Oliver Bowden,,,https://www.goodreads.com/book/show/15726943-assassin-s-creed
"Melhores livros de Fantasia, Sci-Fi e Ficção Histórica traduzidos para o Brasil",22,,Assassin's Creed: Renascença,Oliver Bowden,,,https://www.goodreads.com/book/show/13570183-assassin-s-creed
"Melhores livros de Fantasia, Sci-Fi e Ficção Histórica traduzidos para o Brasil",23,,A Ilha do Dr. Moreau,H.G. Wells,,,https://www.goodreads.com/book/show/13583420-a-ilha-do-dr-moreau
"Melhores livros de Fantasia, Sci-Fi e Ficção Histórica traduzidos para o Brasil",24,,A Escolha dos Três,Stephen King,,,https://www.goodreads.com/book/show/18526183-a-escolha-dos-tr-s
"Melhores livros de Fantasia, Sci-Fi e Ficção Histórica traduzidos para o Brasil",26,,A Prisão Mal-Assombrada,Joseph Delaney,,,https://www.goodreads.com/book/show/20619114-a-pris-o-mal-assombrada
"Melhores livros de Fantasia, Sci-Fi e Ficção Histórica traduzidos para o Brasil",27,,Frankenstein,Mary Wollstonecraft Shelley,,,https://www.goodreads.com/book/show/11614329-frankenstein
"Melhores livros de Fantasia, Sci-Fi e Ficção Histórica traduzidos para o Brasil",28,,Xógum - A Gloriosa Saga do Japão,James Clavell,,,https://www.goodreads.com/book/show/6705792-x-gum---a-gloriosa-saga-do-jap-o
"Melhores livros de Fantasia, Sci-Fi e Ficção Histórica traduzidos para o Brasil",29,,Musashi,Eiji Yoshikawa,,,https://www.goodreads.com/book/show/6757427-musashi
"Melhores livros de Fantasia, Sci-Fi e Ficção Histórica traduzidos para o Brasil",30,,O Herege,Bernard Cornwell,,,https://www.goodreads.com/book/show/6011139-o-herege
"Melhores livros de Fantasia, Sci-Fi e Ficção Histórica traduzidos para o Brasil",31,,"Musashi, Volume II",Eiji Yoshikawa,,,https://www.goodreads.com/book/show/6757443-musashi-volume-ii
"Melhores livros de Fantasia, Sci-Fi e Ficção Histórica traduzidos para o Brasil",32,,A Guerra dos Tronos: HQ Vol. 2,Daniel Abraham,,,https://www.goodreads.com/book/show/18691560-a-guerra-dos-tronos
"Melhores livros de Fantasia, Sci-Fi e Ficção Histórica traduzidos para o Brasil",33,,O Trono Vazio,Bernard Cornwell,,,https://www.goodreads.com/book/show/25715063-o-trono-vazio
"Melhores livros de Fantasia, Sci-Fi e Ficção Histórica traduzidos para o Brasil",34,,A mão de Fátima,Ildefonso Falcones,,,https://www.goodreads.com/book/show/55673485-a-m-o-de-f-tima
"Melhores livros de Fantasia, Sci-Fi e Ficção Histórica traduzidos para o Brasil",35,,O Andarilho,Bernard Cornwell,,,https://www.goodreads.com/book/show/6011134-o-andarilho
"Melhores livros de Fantasia, Sci-Fi e Ficção Histórica traduzidos para o Brasil",36,,A rainha descalça,Ildefonso Falcones,,,https://www.goodreads.com/book/show/53532181-a-rainha-descal-a
"Melhores livros de Fantasia, Sci-Fi e Ficção Histórica traduzidos para o Brasil",37,,Elizabeth I,Margaret George,,,https://www.goodreads.com/book/show/19256601-elizabeth-i
"Melhores livros de Fantasia, Sci-Fi e Ficção Histórica traduzidos para o Brasil",38,,O crepúsculo e a aurora,Ken Follett,,,https://www.goodreads.com/book/show/55037002-o-crep-sculo-e-a-aurora
"Melhores livros de Fantasia, Sci-Fi e Ficção Histórica traduzidos para o Brasil",39,,O Destino,Joseph Delaney,,,https://www.goodreads.com/book/show/23232529-o-destino
"Melhores livros de Fantasia, Sci-Fi e Ficção Histórica traduzidos para o Brasil",40,,Pássaro da Tempestade,Conn Iggulden,,,https://www.goodreads.com/book/show/23247028-p-ssaro-da-tempestade
"Melhores livros de Fantasia, Sci-Fi e Ficção Histórica traduzidos para o Brasil",41,,O Pesadelo,Joseph Delaney,,,https://www.goodreads.com/book/show/18241662-o-pesadelo
"Melhores livros de Fantasia, Sci-Fi e Ficção Histórica traduzidos para o Brasil",42,,Trindade,Conn Iggulden,,,https://www.goodreads.com/book/show/28279942-trindade
"Melhores livros de Fantasia, Sci-Fi e Ficção Histórica traduzidos para o Brasil",43,,O Sacrifício,Joseph Delaney,,,https://www.goodreads.com/book/show/18755227-o-sacrif-cio
"Melhores livros de Fantasia, Sci-Fi e Ficção Histórica traduzidos para o Brasil",44,,Os Senhores do Arco,Conn Iggulden,,,https://www.goodreads.com/book/show/9764582-os-senhores-do-arco
"Melhores livros de Fantasia, Sci-Fi e Ficção Histórica traduzidos para o Brasil",45,,O Erro,Joseph Delaney,,,https://www.goodreads.com/book/show/15846338-o-erro
"Melhores livros de Fantasia, Sci-Fi e Ficção Histórica traduzidos para o Brasil",46,,O Lobo das Planícies,Conn Iggulden,,,https://www.goodreads.com/book/show/9764545-o-lobo-das-plan-cies
"Melhores livros de Fantasia, Sci-Fi e Ficção Histórica traduzidos para o Brasil",47,,A Batalha,Joseph Delaney,,,https://www.goodreads.com/book/show/18299971-a-batalha
"Melhores livros de Fantasia, Sci-Fi e Ficção Histórica traduzidos para o Brasil",48,,A Canção da Espada,Bernard Cornwell,,,https://www.goodreads.com/book/show/17737473-a-can-o-da-espada
"Melhores livros de Fantasia, Sci-Fi e Ficção Histórica traduzidos para o Brasil",49,,O Segredo,Joseph Delaney,,,https://www.goodreads.com/book/show/9618463-o-segredo
"Melhores livros de Fantasia, Sci-Fi e Ficção Histórica traduzidos para o Brasil",50,,A Catedral do Mar,Ildefonso Falcones,,,https://www.goodreads.com/book/show/52514711-a-catedral-do-mar
"Melhores livros de Fantasia, Sci-Fi e Ficção Histórica traduzidos para o Brasil",51,,A Maldição,Joseph Delaney,,,https://www.goodreads.com/book/show/9618420-a-maldi-o
"Melhores livros de Fantasia, Sci-Fi e Ficção Histórica traduzidos para o Brasil",52,,Coluna de Fogo,Ken Follett,,,https://www.goodreads.com/book/show/36355970-coluna-de-fogo
"Melhores livros de Fantasia, Sci-Fi e Ficção Histórica traduzidos para o Brasil",53,,A Guerra dos Tronos: HQ Vol. 3,Daniel Abraham,,,https://www.goodreads.com/book/show/22026869-a-guerra-dos-tronos
"Melhores livros de Fantasia, Sci-Fi e Ficção Histórica traduzidos para o Brasil",54,,Os Pilares da Terra,Ken Follett,,,https://www.goodreads.com/book/show/15789410-os-pilares-da-terra
"Melhores livros de Fantasia, Sci-Fi e Ficção Histórica traduzidos para o Brasil",55,,A Guerra dos Tronos: HQ Vol. 1,Daniel Abraham,,,https://www.goodreads.com/book/show/17660495-a-guerra-dos-tronos
"Melhores livros de Fantasia, Sci-Fi e Ficção Histórica traduzidos para o Brasil",56,,A Cor da Magia,Terry Pratchett,,,https://www.goodreads.com/book/show/597037.A_Cor_da_Magia
"Melhores livros de Fantasia, Sci-Fi e Ficção Histórica traduzidos para o Brasil",57,,Sangue,K.J. Wignall,,,https://www.goodreads.com/book/show/21856556-sangue
"Melhores livros de Fantasia, Sci-Fi e Ficção Histórica traduzidos para o Brasil",58,,Alquimia,K.J. Wignall,,,https://www.goodreads.com/book/show/25751281-alquimia
"Melhores livros de Fantasia, Sci-Fi e Ficção Histórica traduzidos para o Brasil",59,,Ordem,Hugh Howey,,,https://www.goodreads.com/book/show/24892235-ordem
"Melhores livros de Fantasia, Sci-Fi e Ficção Histórica traduzidos para o Brasil",60,,O Planeta dos Macacos,Pierre Boulle,,,https://www.goodreads.com/book/show/7756762-o-planeta-dos-macacos
"Melhores livros de Fantasia, Sci-Fi e Ficção Histórica traduzidos para o Brasil",61,,O Condenado,Bernard Cornwell,,,https://www.goodreads.com/book/show/6011146-o-condenado
"Melhores livros de Fantasia, Sci-Fi e Ficção Histórica traduzidos para o Brasil",62,,O Orfanato da Srta. Peregrine para Crianças Peculiares,Ransom Riggs,,,https://www.goodreads.com/book/show/17268736-o-orfanato-da-srta-peregrine-para-crian-as-peculiares
"Melhores livros de Fantasia, Sci-Fi e Ficção Histórica traduzidos para o Brasil",63,,Game of Thrones: Por Dentro da Série da HBO,Bryan Cogman,,,https://www.goodreads.com/book/show/17790643-game-of-thrones
"Melhores livros de Fantasia, Sci-Fi e Ficção Histórica traduzidos para o Brasil",64,,Stonehenge: A Novel,Bernard Cornwell,,,https://www.goodreads.com/book/show/6646106-stonehenge
"Melhores livros de Fantasia, Sci-Fi e Ficção Histórica traduzidos para o Brasil",65,,O Vento Pela Fechadura,Stephen King,,,https://www.goodreads.com/book/show/17881003-o-vento-pela-fechadura
"Melhores livros de Fantasia, Sci-Fi e Ficção Histórica traduzidos para o Brasil",66,,O Príncipe de Westeros e Outras Histórias,George R.R. Martin,,,https://www.goodreads.com/book/show/25321841-o-pr-ncipe-de-westeros-e-outras-hist-rias
"Melhores livros de Fantasia, Sci-Fi e Ficção Histórica traduzidos para o Brasil",67,,1356,Bernard Cornwell,,,https://www.goodreads.com/book/show/18171982-1356
"Melhores livros de Fantasia, Sci-Fi e Ficção Histórica traduzidos para o Brasil",68,,11/22/63,Stephen King,,,https://www.goodreads.com/book/show/10644930-11-22-63
"Melhores livros de Fantasia, Sci-Fi e Ficção Histórica traduzidos para o Brasil",69,,Horns,Joe Hill,,,https://www.goodreads.com/book/show/6587879-horns
"Melhores livros de Fantasia, Sci-Fi e Ficção Histórica traduzidos para o Brasil",70,,"Doctor Who: 12 Doutores, 12 Histórias",Eoin Colfer,,,https://www.goodreads.com/book/show/23440232-doctor-who
"Melhores livros de Fantasia, Sci-Fi e Ficção Histórica traduzidos para o Brasil",71,,Crônicas Marcianas,Ray Bradbury,,,https://www.goodreads.com/book/show/76778.The_Martian_Chronicles
"Melhores livros de Fantasia, Sci-Fi e Ficção Histórica traduzidos para o Brasil",72,,A Filosofia de Tyrion Lannister,George R.R. Martin,,,https://www.goodreads.com/book/show/20491504-a-filosofia-de-tyrion-lannister
"Melhores livros de Fantasia, Sci-Fi e Ficção Histórica traduzidos para o Brasil",73,,Assassin's Creed - Revelações,Oliver Bowden,,,https://www.goodreads.com/book/show/14624976-assassin-s-creed---revela-es
"Melhores livros de Fantasia, Sci-Fi e Ficção Histórica traduzidos para o Brasil",74,,Assassin's Creed: A Cruzada Secreta,Oliver Bowden,,,https://www.goodreads.com/book/show/15745519-assassin-s-creed
"Melhores livros de Fantasia, Sci-Fi e Ficção Histórica traduzidos para o Brasil",75,,Silo,Hugh Howey,,,https://www.goodreads.com/book/show/20924263-silo
"Melhores livros de Fantasia, Sci-Fi e Ficção Histórica traduzidos para o Brasil",76,,Nosferatu,Joe Hill,,,https://www.goodreads.com/book/show/26172368-nosferatu
"Melhores livros de Fantasia, Sci-Fi e Ficção Histórica traduzidos para o Brasil",77,,Tróia: O Romance de uma Guerra,Cláudio Moreno,,,https://www.goodreads.com/book/show/12852955-tr-ia
"Melhores livros de Fantasia, Sci-Fi e Ficção Histórica traduzidos para o Brasil",78,,A Guerra de Tróia,Lindsay Clarke,,,https://www.goodreads.com/book/show/6919531-a-guerra-de-tr-ia
"Melhores livros de Fantasia, Sci-Fi e Ficção Histórica traduzidos para o Brasil",79,,O Fim da Infância,Arthur C. Clarke,,,https://www.goodreads.com/book/show/13251514-o-fim-da-inf-ncia
"Melhores livros de Fantasia, Sci-Fi e Ficção Histórica traduzidos para o Brasil",80,,O Bater de Suas Asas,Paul Hoffman,,,https://www.goodreads.com/book/show/18273953-o-bater-de-suas-asas
"Melhores livros de Fantasia, Sci-Fi e Ficção Histórica traduzidos para o Brasil",81,,As Últimas Quatro Coisas,Paul Hoffman,,,https://www.goodreads.com/book/show/17449998-as-ltimas-quatro-coisas
"Melhores livros de Fantasia, Sci-Fi e Ficção Histórica traduzidos para o Brasil",82,,Heresia,S.J. Parris,,,https://www.goodreads.com/book/show/13274018-heresia
"Melhores livros de Fantasia, Sci-Fi e Ficção Histórica traduzidos para o Brasil",83,,A Mão Esquerda de Deus,Paul Hoffman,,,https://www.goodreads.com/book/show/8140803-a-m-o-esquerda-de-deus
"Melhores livros de Fantasia, Sci-Fi e Ficção Histórica traduzidos para o Brasil",84,,Os Portões de Roma,Conn Iggulden,,,https://www.goodreads.com/book/show/6364425-os-port-es-de-roma
"Melhores livros de Fantasia, Sci-Fi e Ficção Histórica traduzidos para o Brasil",85,,A Morte dos Reis,Conn Iggulden,,,https://www.goodreads.com/book/show/9753766-a-morte-dos-reis
"Melhores livros de Fantasia, Sci-Fi e Ficção Histórica traduzidos para o Brasil",86,,O Nome do Vento,Patrick Rothfuss,,,https://www.goodreads.com/book/show/8480575-o-nome-do-vento
"Melhores livros de Fantasia, Sci-Fi e Ficção Histórica traduzidos para o Brasil",87,,Mistborn: O Império Final,Brandon Sanderson,,,https://www.goodreads.com/book/show/19295025-mistborn
"Melhores livros de Fantasia, Sci-Fi e Ficção Histórica traduzidos para o Brasil",88,,A Tormenta de Espadas,George R.R. Martin,,,https://www.goodreads.com/book/show/12516259-a-tormenta-de-espadas
"Melhores livros de Fantasia, Sci-Fi e Ficção Histórica traduzidos para o Brasil",89,,Harry Potter e a Pedra Filosofal,J.K. Rowling,,,https://www.goodreads.com/book/show/1907452.Harry_Potter_e_a_Pedra_Filosofal
"Melhores livros de Fantasia, Sci-Fi e Ficção Histórica traduzidos para o Brasil",90,,O Olho do Mundo,Robert Jordan,,,https://www.goodreads.com/book/show/18243448-o-olho-do-mundo
"Melhores livros de Fantasia, Sci-Fi e Ficção Histórica traduzidos para o Brasil",91,,O Temor do Sábio,Patrick Rothfuss,,,https://www.goodreads.com/book/show/13148261-o-temor-do-s-bio
"Melhores livros de Fantasia, Sci-Fi e Ficção Histórica traduzidos para o Brasil",92,,A Sociedade do Anel,J.R.R. Tolkien,,,https://www.goodreads.com/book/show/6068617-a-sociedade-do-anel
"Melhores livros de Fantasia, Sci-Fi e Ficção Histórica traduzidos para o Brasil",93,,As mentiras de Locke Lamora,Scott Lynch,,,https://www.goodreads.com/book/show/20810217-as-mentiras-de-locke-lamora
"Melhores livros de Fantasia, Sci-Fi e Ficção Histórica traduzidos para o Brasil",94,,A Guerra dos Tronos,George R.R. Martin,,,https://www.goodreads.com/book/show/9544382-a-guerra-dos-tronos
"Melhores livros de Fantasia, Sci-Fi e Ficção Histórica traduzidos para o Brasil",95,,O Hobbit,J.R.R. Tolkien,,,https://www.goodreads.com/book/show/25235957-o-hobbit
"Melhores livros de Fantasia, Sci-Fi e Ficção Histórica traduzidos para o Brasil",96,,O Aprendiz de Assassino,Robin Hobb,,,https://www.goodreads.com/book/show/17901097-o-aprendiz-de-assassino
"Melhores livros de Fantasia, Sci-Fi e Ficção Histórica traduzidos para o Brasil",97,,O Último Reino,Bernard Cornwell,,,https://www.goodreads.com/book/show/6568514-o-ltimo-reino
"Melhores livros de Fantasia, Sci-Fi e Ficção Histórica traduzidos para o Brasil",98,,Harry Potter e o Cálice de Fogo,J.K. Rowling,,,https://www.goodreads.com/book/show/1883483.Harry_Potter_e_o_C_lice_de_Fogo
"Melhores livros de Fantasia, Sci-Fi e Ficção Histórica traduzidos para o Brasil",99,,Harry Potter e o Enigma do Príncipe,J.K. Rowling,,,https://www.goodreads.com/book/show/20665467-harry-potter-e-o-enigma-do-pr-ncipe
"Melhores livros de Fantasia, Sci-Fi e Ficção Histórica traduzidos para o Brasil",100,,Elantris,Brandon Sanderson,,,https://www.goodreads.com/book/show/17232219-elantris
"Melhores livros de Fantasia, Sci-Fi e Ficção Histórica traduzidos para o Brasil",101,,O Protegido,Peter V. Brett,,,https://www.goodreads.com/book/show/24809182-o-protegido
"Melhores livros de Fantasia, Sci-Fi e Ficção Histórica traduzidos para o Brasil",102,,A Grande Caçada,Robert Jordan,,,https://www.goodreads.com/book/show/22294110-a-grande-ca-ada
"Melhores livros de Fantasia, Sci-Fi e Ficção Histórica traduzidos para o Brasil",103,,Harry Potter e as Relíquias da Morte,J.K. Rowling,,,https://www.goodreads.com/book/show/4612648-harry-potter-e-as-rel-quias-da-morte
"Melhores livros de Fantasia, Sci-Fi e Ficção Histórica traduzidos para o Brasil",104,,O Poder da Espada,Joe Abercrombie,,,https://www.goodreads.com/book/show/18245352-o-poder-da-espada
"Melhores livros de Fantasia, Sci-Fi e Ficção Histórica traduzidos para o Brasil",105,,O Poço da Ascensão,Brandon Sanderson,,,https://www.goodreads.com/book/show/24624933-o-po-o-da-ascens-o
"Melhores livros de Fantasia, Sci-Fi e Ficção Histórica traduzidos para o Brasil",106,,Harry Potter e a Ordem da Fênix,J.K. Rowling,,,https://www.goodreads.com/book/show/173689.Harry_Potter_e_a_Ordem_da_F_nix
"Melhores livros de Fantasia, Sci-Fi e Ficção Histórica traduzidos para o Brasil",107,,Harry Potter e a Câmara Secreta,J.K. Rowling,,,https://www.goodreads.com/book/show/72196.Harry_Potter_e_a_C_mara_Secreta
"Melhores livros de Fantasia, Sci-Fi e Ficção Histórica traduzidos para o Brasil",108,,Duna,Frank Herbert,,,https://www.goodreads.com/book/show/12439067-duna
"Melhores livros de Fantasia, Sci-Fi e Ficção Histórica traduzidos para o Brasil",109,,O Dragão Renascido,Robert Jordan,,,https://www.goodreads.com/book/show/23266357-o-drag-o-renascido
"Melhores livros de Fantasia, Sci-Fi e Ficção Histórica traduzidos para o Brasil",110,,O Oceano no Fim do Caminho,Neil Gaiman,,,https://www.goodreads.com/book/show/15783514-the-ocean-at-the-end-of-the-lane
"Melhores livros de Fantasia, Sci-Fi e Ficção Histórica traduzidos para o Brasil",111,,A Dança dos Dragões,George R.R. Martin,,,https://www.goodreads.com/book/show/13637065-a-dan-a-dos-drag-es
"Melhores livros de Fantasia, Sci-Fi e Ficção Histórica traduzidos para o Brasil",112,,Mares de Sangue,Scott Lynch,,,https://www.goodreads.com/book/show/23274379-mares-de-sangue
"Melhores livros de Fantasia, Sci-Fi e Ficção Histórica traduzidos para o Brasil",113,,Harry Potter e o Prisioneiro de Azkaban,J.K. Rowling,,,https://www.goodreads.com/book/show/380438.Harry_Potter_e_o_Prisioneiro_de_Azkaban
"Melhores livros de Fantasia, Sci-Fi e Ficção Histórica traduzidos para o Brasil",114,,A Bússola de Ouro,Philip Pullman,,,https://www.goodreads.com/book/show/6066992-a-b-ssola-de-ouro
"Melhores livros de Fantasia, Sci-Fi e Ficção Histórica traduzidos para o Brasil",115,,A Fúria dos Reis,George R.R. Martin,,,https://www.goodreads.com/book/show/10843928-a-f-ria-dos-reis
"Melhores livros de Fantasia, Sci-Fi e Ficção Histórica traduzidos para o Brasil",116,,Os Senhores do Norte,Bernard Cornwell,,,https://www.goodreads.com/book/show/6568589-os-senhores-do-norte
"Melhores livros de Fantasia, Sci-Fi e Ficção Histórica traduzidos para o Brasil",117,,República de Ladrões,Scott Lynch,,,https://www.goodreads.com/book/show/25355334-rep-blica-de-ladr-es
"Melhores livros de Fantasia, Sci-Fi e Ficção Histórica traduzidos para o Brasil",118,,O Assassino do Rei,Robin Hobb,,,https://www.goodreads.com/book/show/20936408-o-assassino-do-rei
"Melhores livros de Fantasia, Sci-Fi e Ficção Histórica traduzidos para o Brasil",119,,O Rei do Inverno,Bernard Cornwell,,,https://www.goodreads.com/book/show/3025956-o-rei-do-inverno
"Melhores livros de Fantasia, Sci-Fi e Ficção Histórica traduzidos para o Brasil",120,,Fahrenheit 451,Ray Bradbury,,,https://www.goodreads.com/book/show/4381.Fahrenheit_451
"Melhores livros de Fantasia, Sci-Fi e Ficção Histórica traduzidos para o Brasil",121,,Excalibur,Bernard Cornwell,,,https://www.goodreads.com/book/show/3026004-excalibur
"Melhores livros de Fantasia, Sci-Fi e Ficção Histórica traduzidos para o Brasil",122,,Azincourt,Bernard Cornwell,,,https://www.goodreads.com/book/show/6738823-azincourt
"Melhores livros de Fantasia, Sci-Fi e Ficção Histórica traduzidos para o Brasil",123,,O Último Olimpiano,Rick Riordan,,,https://www.goodreads.com/book/show/9250473-o-ltimo-olimpiano
"Melhores livros de Fantasia, Sci-Fi e Ficção Histórica traduzidos para o Brasil",124,,O Ladrão de Raios,Rick Riordan,,,https://www.goodreads.com/book/show/8160630-o-ladr-o-de-raios
"Melhores livros de Fantasia, Sci-Fi e Ficção Histórica traduzidos para o Brasil",125,,A Canção do Sangue,Anthony Ryan,,,https://www.goodreads.com/book/show/23342396-a-can-o-do-sangue
"Melhores livros de Fantasia, Sci-Fi e Ficção Histórica traduzidos para o Brasil",126,,Mago e Vidro,Stephen King,,,https://www.goodreads.com/book/show/3075802-mago-e-vidro
"Melhores livros de Fantasia, Sci-Fi e Ficção Histórica traduzidos para o Brasil",127,,"Belas Maldições: As Belas e Precisas Profecias de Agnes Nutter, Bruxa",Terry Pratchett,,,https://www.goodreads.com/book/show/11434768-belas-maldi-es
"Melhores livros de Fantasia, Sci-Fi e Ficção Histórica traduzidos para o Brasil",128,,O Cavaleiro dos Sete Reinos,George R.R. Martin,,,https://www.goodreads.com/book/show/19220663-o-cavaleiro-dos-sete-reinos
"Melhores livros de Fantasia, Sci-Fi e Ficção Histórica traduzidos para o Brasil",129,,O Inimigo de Deus,Bernard Cornwell,,,https://www.goodreads.com/book/show/3025978-o-inimigo-de-deus
"Melhores livros de Fantasia, Sci-Fi e Ficção Histórica traduzidos para o Brasil",130,,A Maldição do Titã,Rick Riordan,,,https://www.goodreads.com/book/show/7174893-a-maldi-o-do-tit
"Melhores livros de Fantasia, Sci-Fi e Ficção Histórica traduzidos para o Brasil",131,,O Tigre de Sharpe,Bernard Cornwell,,,https://www.goodreads.com/book/show/6660409-o-tigre-de-sharpe
"Melhores livros de Fantasia, Sci-Fi e Ficção Histórica traduzidos para o Brasil",132,,O Último Desejo,Andrzej Sapkowski,,,https://www.goodreads.com/book/show/15893105-o-ltimo-desejo
"Melhores livros de Fantasia, Sci-Fi e Ficção Histórica traduzidos para o Brasil",133,,O Cavaleiro da Morte,Bernard Cornwell,,,https://www.goodreads.com/book/show/6568576-o-cavaleiro-da-morte
"Melhores livros de Fantasia, Sci-Fi e Ficção Histórica traduzidos para o Brasil",134,,Rei dos Espinhos,Mark Lawrence,,,https://www.goodreads.com/book/show/17999884-king-of-thorns
"Melhores livros de Fantasia, Sci-Fi e Ficção Histórica traduzidos para o Brasil",135,,As Terras Devastadas,Stephen King,,,https://www.goodreads.com/book/show/3042206-as-terras-devastadas
"Melhores livros de Fantasia, Sci-Fi e Ficção Histórica traduzidos para o Brasil",136,,O Arqueiro,Bernard Cornwell,,,https://www.goodreads.com/book/show/3026018-o-arqueiro
"Melhores livros de Fantasia, Sci-Fi e Ficção Histórica traduzidos para o Brasil",137,,O Duelo dos Reis,Joe Abercrombie,,,https://www.goodreads.com/book/show/24531438-o-duelo-dos-reis
"Melhores livros de Fantasia, Sci-Fi e Ficção Histórica traduzidos para o Brasil",138,,It: a Coisa,Stephen King,,,https://www.goodreads.com/book/show/22613112-it
"Melhores livros de Fantasia, Sci-Fi e Ficção Histórica traduzidos para o Brasil",139,,Pequenos Deuses,Terry Pratchett,,,https://www.goodreads.com/book/show/25258275-pequenos-deuses
"Melhores livros de Fantasia, Sci-Fi e Ficção Histórica traduzidos para o Brasil",140,,Antes da Forca,Joe Abercrombie,,,https://www.goodreads.com/book/show/22403892-antes-da-forca
"Melhores livros de Fantasia, Sci-Fi e Ficção Histórica traduzidos para o Brasil",141,,A Batalha do Labirinto,Rick Riordan,,,https://www.goodreads.com/book/show/11262665-a-batalha-do-labirinto
"Melhores livros de Fantasia, Sci-Fi e Ficção Histórica traduzidos para o Brasil",142,,O Festim dos Corvos,George R.R. Martin,,,https://www.goodreads.com/book/show/13451474-o-festim-dos-corvos
"Melhores livros de Fantasia, Sci-Fi e Ficção Histórica traduzidos para o Brasil",143,,"Eu, Robô",Isaac Asimov,,,https://www.goodreads.com/book/show/4579633-eu-rob
"Melhores livros de Fantasia, Sci-Fi e Ficção Histórica traduzidos para o Brasil",144,,Roubo de Espadas,Michael J. Sullivan,,,https://www.goodreads.com/book/show/17731265-roubo-de-espadas
"Melhores livros de Fantasia, Sci-Fi e Ficção Histórica traduzidos para o Brasil",145,,A Passagem,Justin Cronin,,,https://www.goodreads.com/book/show/17559447-a-passagem
"Melhores livros de Fantasia, Sci-Fi e Ficção Histórica traduzidos para o Brasil",146,,Golem e o Gênio,Helene Wecker,,,https://www.goodreads.com/book/show/25131579-golem-e-o-g-nio
"Melhores livros de Fantasia, Sci-Fi e Ficção Histórica traduzidos para o Brasil",147,,Terra em Chamas,Bernard Cornwell,,,https://www.goodreads.com/book/show/8333987-terra-em-chamas
"Melhores livros de Fantasia, Sci-Fi e Ficção Histórica traduzidos para o Brasil",149,,Mago: Aprendiz,Raymond E. Feist,,,https://www.goodreads.com/book/show/18590480-mago
"Melhores livros de Fantasia, Sci-Fi e Ficção Histórica traduzidos para o Brasil",151,,O Dragão de Gelo,George R.R. Martin,,,https://www.goodreads.com/book/show/23252324-o-drag-o-de-gelo
"Melhores livros de Fantasia, Sci-Fi e Ficção Histórica traduzidos para o Brasil",152,,Lobos de Calla,Stephen King,,,https://www.goodreads.com/book/show/6687857-lobos-de-calla
"Melhores livros de Fantasia, Sci-Fi e Ficção Histórica traduzidos para o Brasil",153,,Guardas! Guardas!,Terry Pratchett,,,https://www.goodreads.com/book/show/7377835-guardas-guardas
"Melhores livros de Fantasia, Sci-Fi e Ficção Histórica traduzidos para o Brasil",154,,O Aprendiz,Joseph Delaney,,,https://www.goodreads.com/book/show/9618390-o-aprendiz
"Melhores livros de Fantasia, Sci-Fi e Ficção Histórica traduzidos para o Brasil",155,,A Terra das Sombras,Emily Rodda,,,https://www.goodreads.com/book/show/12505109-a-terra-das-sombras
"Melhores livros de Fantasia, Sci-Fi e Ficção Histórica traduzidos para o Brasil",156,,A Caverna do Medo,Emily Rodda,,,https://www.goodreads.com/book/show/12505089-a-caverna-do-medo
"Melhores livros de Fantasia, Sci-Fi e Ficção Histórica traduzidos para o Brasil",157,,O Retorno a Del,Emily Rodda,,,https://www.goodreads.com/book/show/17206859-o-retorno-a-del
"Melhores livros de Fantasia, Sci-Fi e Ficção Histórica traduzidos para o Brasil",158,,O Vale dos Perdidos,Emily Rodda,,,https://www.goodreads.com/book/show/6522557-o-vale-dos-perdidos
"Melhores livros de Fantasia, Sci-Fi e Ficção Histórica traduzidos para o Brasil",159,,O Labirinto da Besta,Emily Rodda,,,https://www.goodreads.com/book/show/12504906-o-labirinto-da-besta
"Melhores livros de Fantasia, Sci-Fi e Ficção Histórica traduzidos para o Brasil",160,,A Montanha do Medo,Emily Rodda,,,https://www.goodreads.com/book/show/416472.A_Montanha_do_Medo
"Melhores livros de Fantasia, Sci-Fi e Ficção Histórica traduzidos para o Brasil",161,,As Dunas,Emily Rodda,,,https://www.goodreads.com/book/show/12504882-as-dunas
"Melhores livros de Fantasia, Sci-Fi e Ficção Histórica traduzidos para o Brasil",162,,A Cidade dos Ratos,Emily Rodda,,,https://www.goodreads.com/book/show/12504784-a-cidade-dos-ratos
"Melhores livros de Fantasia, Sci-Fi e Ficção Histórica traduzidos para o Brasil",163,,O Lago das Lágrimas,Emily Rodda,,,https://www.goodreads.com/book/show/12504738-o-lago-das-l-grimas
"Melhores livros de Fantasia, Sci-Fi e Ficção Histórica traduzidos para o Brasil",164,,O Guerreiro Pagão,Bernard Cornwell,,,https://www.goodreads.com/book/show/22041751-o-guerreiro-pag-o
"Melhores livros de Fantasia, Sci-Fi e Ficção Histórica traduzidos para o Brasil",165,,As Florestas do Silêncio,Emily Rodda,,,https://www.goodreads.com/book/show/12504750-as-florestas-do-sil-ncio
"Melhores livros de Fantasia, Sci-Fi e Ficção Histórica traduzidos para o Brasil",166,,Morte dos Reis,Bernard Cornwell,,,https://www.goodreads.com/book/show/13634939-morte-dos-reis
"Melhores livros de Fantasia, Sci-Fi e Ficção Histórica traduzidos para o Brasil",167,,A Ilha da Ilusão,Emily Rodda,,,https://www.goodreads.com/book/show/12505094-a-ilha-da-ilus-o
"Melhores livros de Fantasia, Sci-Fi e Ficção Histórica traduzidos para o Brasil",168,,A Faca Sutil,Philip Pullman,,,https://www.goodreads.com/book/show/8604267-a-faca-sutil
"Melhores livros de Fantasia, Sci-Fi e Ficção Histórica traduzidos para o Brasil",169,,Os Olhos do Dragão,Stephen King,,,https://www.goodreads.com/book/show/10237200-os-olhos-do-drag-o
"Melhores livros de Fantasia, Sci-Fi e Ficção Histórica traduzidos para o Brasil",170,,A Máquina do Tempo,H.G. Wells,,,https://www.goodreads.com/book/show/2493.The_Time_Machine
"Melhores livros de Fantasia, Sci-Fi e Ficção Histórica traduzidos para o Brasil",171,,A Torre Negra,Stephen King,,,https://www.goodreads.com/book/show/7456197-a-torre-negra
"Melhores livros de Fantasia, Sci-Fi e Ficção Histórica traduzidos para o Brasil",172,,Canção de Susannah,Stephen King,,,https://www.goodreads.com/book/show/9531070-can-o-de-susannah
"Melhores livros de Fantasia, Sci-Fi e Ficção Histórica traduzidos para o Brasil",173,,O Gigante Enterrado,Kazuo Ishiguro,,,https://www.goodreads.com/book/show/25326959-o-gigante-enterrado
"Melhores livros de Fantasia, Sci-Fi e Ficção Histórica traduzidos para o Brasil",174,,Eternidade por um Fio,Ken Follett,,,https://www.goodreads.com/book/show/22305401-eternidade-por-um-fio
"Melhores livros de Fantasia, Sci-Fi e Ficção Histórica traduzidos para o Brasil",175,,"O Cavaleiro Andante, Livro I",Ben Avery,,,https://www.goodreads.com/book/show/22922170-o-cavaleiro-andante-livro-i
"Melhores livros de Fantasia, Sci-Fi e Ficção Histórica traduzidos para o Brasil",176,,Queda de Gigantes,Ken Follett,,,https://www.goodreads.com/book/show/10387489-queda-de-gigantes
"Melhores livros de Fantasia, Sci-Fi e Ficção Histórica traduzidos para o Brasil",177,,A Espada Juramentada,Ben Avery,,,https://www.goodreads.com/book/show/22922174-a-espada-juramentada
"Melhores livros de Fantasia, Sci-Fi e Ficção Histórica traduzidos para o Brasil",178,,Inverno do Mundo,Ken Follett,,,https://www.goodreads.com/book/show/16050127-inverno-do-mundo
"Melhores livros de Fantasia, Sci-Fi e Ficção Histórica traduzidos para o Brasil",179,,Imperador dos Espinhos,Mark Lawrence,,,https://www.goodreads.com/book/show/15804760-emperor-of-thorns
"Melhores livros de Fantasia, Sci-Fi e Ficção Histórica traduzidos para o Brasil",180,,O Livro do Cemitério,Neil Gaiman,,,https://www.goodreads.com/book/show/12252382-o-livro-do-cemit-rio
"Melhores livros de Fantasia, Sci-Fi e Ficção Histórica traduzidos para o Brasil",181,,A Fúria do Assassino,Robin Hobb,,,https://www.goodreads.com/book/show/23342403-a-f-ria-do-assassino
"Melhores livros de Fantasia, Sci-Fi e Ficção Histórica traduzidos para o Brasil",182,,A Zona Morta,Stephen King,,,https://www.goodreads.com/book/show/1822719.The_Dead_Zone
"Melhores livros de Fantasia, Sci-Fi e Ficção Histórica traduzidos para o Brasil",183,,"Alif, o invisível",G. Willow Wilson,,,https://www.goodreads.com/book/show/13239822-alif-the-unseen
"Melhores livros de Fantasia, Sci-Fi e Ficção Histórica traduzidos para o Brasil",184,,O Demonologista,Andrew Pyper,,,https://www.goodreads.com/book/show/24852544-o-demonologista
"Melhores livros de Fantasia, Sci-Fi e Ficção Histórica traduzidos para o Brasil",185,,Jonathan Strange & Mr Norrell,Susanna Clarke,,,https://www.goodreads.com/book/show/14201.Jonathan_Strange_Mr_Norrell
Clube de Literatura Clássica,1,,O Vermelho e o Negro,Stendhal,,,https://www.goodreads.com/book/show/54549289-o-vermelho-e-o-negro
Clube de Literatura Clássica,2,,A Divina Comédia,Dante Alighieri,,,https://www.goodreads.com/book/show/54180722-a-divina-com-dia
Clube de Literatura Clássica,5,,Hamlet,William Shakespeare,,,https://www.goodreads.com/book/show/55845039-hamlet
Clube de Literatura Clássica,7,,Paraíso Perdido,John Milton,,,https://www.goodreads.com/book/show/55508523-para-so-perdido
Clube de Literatura Clássica,8,,O Retrato de Dorian Gray,Oscar Wilde,,,https://www.goodreads.com/book/show/55680987-o-retrato-de-dorian-gray
Clube de Literatura Clássica,9,,Salomé,Oscar Wilde,,,https://www.goodreads.com/book/show/55681137-salom
Clube de Literatura Clássica,10,,Rei Amleth,Saxo Grammaticus,,,https://www.goodreads.com/book/show/55848572-rei-amleth
Clube de Literatura Clássica,11,,Obras Completas,Virgil,,,https://www.goodreads.com/book/show/124946369-obras-completas
Clube de Literatura Clássica,13,,Contos do Casmurro,Machado de Assis,,,https://www.goodreads.com/book/show/56303052-contos-do-casmurro
Clube de Literatura Clássica,14,,O Grande Gatsby,F. Scott Fitzgerald,,,https://www.goodreads.com/book/show/56583358-o-grande-gatsby
Clube de Literatura Clássica,15,,Os Irmãos Karamázov,Fyodor Dostoevsky,,,https://www.goodreads.com/book/show/150241307-os-irm-os-karam-zov
Clube de Literatura Clássica,16,,Mensagem,Fernando Pessoa,,,https://www.goodreads.com/book/show/57019361-mensagem
Clube de Literatura Clássica,18,,Dom Quixote,Miguel de Cervantes Saavedra,,,https://www.goodreads.com/book/show/57971409-dom-quixote
Clube de Literatura Clássica,19,,Crime e Castigo,Fyodor Dostoevsky,,,https://www.goodreads.com/book/show/60148903-crime-e-castigo
Clube de Literatura Clássica,20,,A Volta ao Mundo em Oitenta Dias,Jules Verne,,,https://www.goodreads.com/book/show/58346575-a-volta-ao-mundo-em-oitenta-dias
Clube de Literatura Clássica,21,,Anna Karênina,Leo Tolstoy,,,https://www.goodreads.com/book/show/60708856-anna-kar-nina
Clube de Literatura Clássica,22,,Oliver Twist,Charles Dickens,,,https://www.goodreads.com/book/show/60902704-oliver-twist
Clube de Literatura Clássica,23,,Contos,Charles Dickens,,,https://www.goodreads.com/book/show/61159937-contos
Clube de Literatura Clássica,24,,Fausto,Johann Wolfgang von Goethe,,,https://www.goodreads.com/book/show/61224529-fausto
Clube de Literatura Clássica,25,,Jane Eyre,Charlotte Brontë,,,https://www.goodreads.com/book/show/61899433-jane-eyre
Clube de Literatura Clássica,26,,O Enjeitado: um conto de nosso tempo,Charlotte Brontë,,,https://www.goodreads.com/book/show/61899350-o-enjeitado
Clube de Literatura Clássica,27,,Contos do Grotesco e do Arabesco,Edgar Allan Poe,,,https://www.goodreads.com/book/show/215774132-contos-do-grotesco-e-do-arabesco
Clube de Literatura Clássica,28,,O Idiota,Fyodor Dostoevsky,,,https://www.goodreads.com/book/show/241043914-o-idiota
Clube de Literatura Clássica,29,,"A Divina Comédia, de Dante Alighieri, Ilustrada",Gustave Doré,,,https://www.goodreads.com/book/show/58446925-a-divina-com-dia-de-dante-alighieri-ilustrada
Clube de Literatura Clássica,31,,Saga de Gunnlaugr Língua-de-Serpente,Unknown .,,,https://www.goodreads.com/book/show/216648755-saga-de-gunnlaugr-l-ngua-de-serpente
Clube de Literatura Clássica,32,,Noites Brancas,Fyodor Dostoevsky,,,https://www.goodreads.com/book/show/230094934-noites-brancas
Clube de Literatura Clássica,33,,Civilização,Eça de Queirós,,,https://www.goodreads.com/book/show/105518996-civiliza-o
Clube de Literatura Clássica,34,,Saga de Njáll,Anonymous,,,https://www.goodreads.com/book/show/217368048-saga-de-nj-ll
Clube de Literatura Clássica,35,,Almas Mortas,Nikolai Gogol,,,https://www.goodreads.com/book/show/241986476-almas-mortas
Clube de Literatura Clássica,36,,O Coração das Trevas,Joseph Conrad,,,https://www.goodreads.com/book/show/124947081-o-cora-o-das-trevas
Clube de Literatura Clássica,37,,O Conde de Monte Cristo,Alexandre Dumas,,,https://www.goodreads.com/book/show/235686815-o-conde-de-monte-cristo
Clube de Literatura Clássica,38,,Juventude,Joseph Conrad,,,https://www.goodreads.com/book/show/124947066-juventude
Clube de Literatura Clássica,39,,Amor de Perdição e Amor de Salvação,Camilo Castelo Branco,,,https://www.goodreads.com/book/show/240925729-amor-de-perdi-o-e-amor-de-salva-o
Clube de Literatura Clássica,40,,Ifigênia em Áulide e Ifigênia entre os Táurios,Euripides,,,https://www.goodreads.com/book/show/124947125-ifig-nia-em-ulide-e-ifig-nia-entre-os-t-urios
Clube de Literatura Clássica,41,,Retábulo de Dom Cristóbal,Federico García Lorca,,,https://www.goodreads.com/book/show/157759708-ret-bulo-de-dom-crist-bal
Clube de Literatura Clássica,42,,A Consciência de Zeno,Italo Svevo,,,https://www.goodreads.com/book/show/183903674-a-consci-ncia-de-zeno
Clube de Literatura Clássica,43,,"Ilustrações para o Paraíso Perdido, de John Milton",John Baptiste de Medina,,,https://www.goodreads.com/book/show/58446952-ilustra-es-para-o-para-so-perdido-de-john-milton
Clube de Literatura Clássica,44,,Ifigênia,Francisco Dias Gomes,,,https://www.goodreads.com/book/show/124947152-ifig-nia
Clube de Literatura Clássica,45,,A Consciência de Svevo,Italo Svevo,,,https://www.goodreads.com/book/show/204008285-a-consci-ncia-de-svevo
Clube de Literatura Clássica,46,,A Metamorfose,Franz Kafka,,,https://www.goodreads.com/book/show/150241150-a-metamorfose
Clube de Literatura Clássica,47,,Bodas de Sangue/ Yerma/ A Casa de Bernarda Alba - Trilogia Rural,Federico García Lorca,,,https://www.goodreads.com/book/show/170417124-bodas-de-sangue-yerma-a-casa-de-bernarda-alba---trilogia-rural
Clube de Literatura Clássica,48,,O finado Mattia Pascal,Luigi Pirandello,,,https://www.goodreads.com/book/show/196171056-o-finado-mattia-pascal
Clube de Literatura Clássica,49,,O Processo,Franz Kafka,,,https://www.goodreads.com/book/show/150241087-o-processo
Clube de Literatura Clássica,50,,Guerra e Paz - Livros I e II,Leo Tolstoy,,,https://www.goodreads.com/book/show/166354199-guerra-e-paz---livros-i-e-ii
Clube de Literatura Clássica,51,,Seis personagens em busca de um autor,Luigi Pirandello,,,https://www.goodreads.com/book/show/196142611-seis-personagens-em-busca-de-um-autor
Clube de Literatura Clássica,52,,Mil Novecentos e Oitenta e Quatro,George Orwell,,,https://www.goodreads.com/book/show/203373602-mil-novecentos-e-oitenta-e-quatro
Clube de Literatura Clássica,53,,Fazenda Animal,George Orwell,,,https://www.goodreads.com/book/show/204008250-fazenda-animal
Clube de Literatura Clássica,54,,Seleta Gatsby,F. Scott Fitzgerald,,,https://www.goodreads.com/book/show/56648426-seleta-gatsby
Clube de Literatura Clássica,55,,Os Trabalhadores do Mar,Victor Hugo,,,https://www.goodreads.com/book/show/56940284-os-trabalhadores-do-mar
Clube de Literatura Clássica,56,,O último dia de um condenado,Victor Hugo,,,https://www.goodreads.com/book/show/58089275-o-ltimo-dia-de-um-condenado
Clube de Literatura Clássica,57,,Jerusalém Libertada,Torquato Tasso,,,https://www.goodreads.com/book/show/57309294-jerusal-m-libertada
Clube de Literatura Clássica,58,,Torquato Tasso,Johann Wolfgang von Goethe,,,https://www.goodreads.com/book/show/57739643-torquato-tasso
Clube de Literatura Clássica,59,,A Tempestade,William Shakespeare,,,https://www.goodreads.com/book/show/57666489-a-tempestade
Clube de Literatura Clássica,60,,Tempestade e Ímpeto,Friedrich Maximilian Klinger,,,https://www.goodreads.com/book/show/58041167-tempestade-e-mpeto
Clube de Literatura Clássica,61,,Dom Quixote Ilustrado,Gustave Doré,,,https://www.goodreads.com/book/show/59882506-dom-quixote-ilustrado
Clube de Literatura Clássica,63,,Um diário do ano da peste,Daniel Defoe,,,https://www.goodreads.com/book/show/58760920-um-di-rio-do-ano-da-peste
Clube de Literatura Clássica,64,,A Peste Escarlate,Jack London,,,https://www.goodreads.com/book/show/58835706-a-peste-escarlate
Clube de Literatura Clássica,65,,A Letra Encarnada,Nathaniel Hawthorne,,,https://www.goodreads.com/book/show/58953780-a-letra-encarnada
Clube de Literatura Clássica,66,,Quatro Contos Bizarros,Nathaniel Hawthorne,,,https://www.goodreads.com/book/show/58953797-quatro-contos-bizarros
Clube de Literatura Clássica,68,,Tragédia Épica,Francisco Mangabeira,,,https://www.goodreads.com/book/show/59472755-trag-dia-pica
Clube de Literatura Clássica,69,,A Pequena Fadette,George Sand,,,https://www.goodreads.com/book/show/59177979-a-pequena-fadette
Clube de Literatura Clássica,70,,O Charco do Diabo,George Sand,,,https://www.goodreads.com/book/show/59341814-o-charco-do-diabo
Clube de Literatura Clássica,71,,Michael Kohlhaas,Heinrich von Kleist,,,https://www.goodreads.com/book/show/59529665-michael-kohlhaas
Clube de Literatura Clássica,72,,Príncipe Frederico de Homburgo,Heinrich von Kleist,,,https://www.goodreads.com/book/show/59529678-pr-ncipe-frederico-de-homburgo
Clube de Literatura Clássica,73,,Cadernos do Subterrâneo,Fyodor Dostoevsky,,,https://www.goodreads.com/book/show/59762884-cadernos-do-subterr-neo
Clube de Literatura Clássica,75,,Castro,António Ferreira,,,https://www.goodreads.com/book/show/60560886-castro
Clube de Literatura Clássica,76,,Oréstia,Aeschylus,,,https://www.goodreads.com/book/show/60708925-or-stia
Clube de Literatura Clássica,77,,A Vingança de Agamenom,Henrique Aires Vitória,,,https://www.goodreads.com/book/show/60714446-a-vingan-a-de-agamenom
Clube de Literatura Clássica,78,,Fausto Ilustrado,August von Kreling,,,https://www.goodreads.com/book/show/63252839-fausto-ilustrado
Clube de Literatura Clássica,80,,Viagem ao Redor do meu Quarto,Xavier de Maistre,,,https://www.goodreads.com/book/show/61899074-viagem-ao-redor-do-meu-quarto
Clube de Literatura Clássica,81,,Mrs. Dalloway,Virginia Woolf,,,https://www.goodreads.com/book/show/62929712-mrs-dalloway
Clube de Literatura Clássica,82,,A Festa de Mrs Dalloway,Virginia Woolf,,,https://www.goodreads.com/book/show/63252746-a-festa-de-mrs-dalloway
Clube de Literatura Clássica,83,,O Pai Goriot,Honoré de Balzac,,,https://www.goodreads.com/book/show/63252866-o-pai-goriot
Clube de Literatura Clássica,84,,Sarrasine,Honoré de Balzac,,,https://www.goodreads.com/book/show/63252875-sarrasine
Clube de Literatura Clássica,86,,Estranho Caso de Dr. Jekyll e Mr. Hyde,Robert Louis Stevenson,,,https://www.goodreads.com/book/show/63252975-estranho-caso-de-dr-jekyll-e-mr-hyde
Clube de Literatura Clássica,87,,Madame Bovary,Gustave Flaubert,,,https://www.goodreads.com/book/show/204008208-madame-bovary
Investimentos Pt_br Books,1,,Guia Suno Dividendos: Aprenda a Selecionar Ações que Geram Renda (Kindle Edition),Tiago Guitián dos Reis,,,https://www.goodreads.com/book/show/37050157-guia-suno-dividendos
Investimentos Pt_br Books,2,,Fora da Curva. Os Segredos dos Grandes Investidores do Brasil e o que Você Pode Aprender com Eles (Paperback),Florian Bartunek,,,https://www.goodreads.com/book/show/31948507-fora-da-curva-os-segredos-dos-grandes-investidores-do-brasil-e-o-que-vo
Investimentos Pt_br Books,3,,Os Ensaios de Warren Buffett,Lawrence A. Cunningham,,,https://www.goodreads.com/book/show/6139551-the-essays-of-warren-buffett
Investimentos Pt_br Books,4,,De Zero a Um,Peter Thiel,,,https://www.goodreads.com/book/show/18050143-zero-to-one
Investimentos Pt_br Books,5,,Sonho Grande (Paperback),Cristiane Correa,,,https://www.goodreads.com/book/show/17798749-sonho-grande
Investimentos Pt_br Books,6,,Faça Fortuna Com Ações: Antes Que Seja Tarde (Paperback),Décio Bazin,,,https://www.goodreads.com/book/show/16103312-fa-a-fortuna-com-a-es
Investimentos Pt_br Books,7,,Mais Esperto que o Diabo,Napoleon Hill,,,https://www.goodreads.com/book/show/10713286-outwitting-the-devil
Investimentos Pt_br Books,8,,A Startup Enxuta,Eric Ries,,,https://www.goodreads.com/book/show/10127019-the-lean-startup
Investimentos Pt_br Books,9,,A Bola de Neve,Alice Schroeder,,,https://www.goodreads.com/book/show/2054761.The_Snowball
Investimentos Pt_br Books,10,,Finanças Corporativas: Teoria e Prática,Aswath Damodaran,,,https://www.goodreads.com/book/show/1533818.Corporate_Finance
Investimentos Pt_br Books,11,,Investindo em Ações no Longo Prazo,Jeremy J. Siegel,,,https://www.goodreads.com/book/show/965633.Stocks_for_the_Long_Run_
Investimentos Pt_br Books,12,,O Investidor Inteligente,Benjamin Graham,,,https://www.goodreads.com/book/show/106835.The_Intelligent_Investor
Investimentos Pt_br Books,13,,O Homem Mais Rico da Babilônia,George S. Clason,,,https://www.goodreads.com/book/show/43097201-the-richest-man-in-babylon
Leitura Escolar (Ginásio),2,,A Droga do Amor,Pedro Bandeira,,,https://www.goodreads.com/book/show/3226895-a-droga-do-amor
Leitura Escolar (Ginásio),3,,A Bolsa Amarela,Lygia Bojunga Nunes,,,https://www.goodreads.com/book/show/6250156-a-bolsa-amarela
Leitura Escolar (Ginásio),4,,Pântano de Sangue,Pedro Bandeira,,,https://www.goodreads.com/book/show/3226933-p-ntano-de-sangue
Leitura Escolar (Ginásio),6,,Droga de Americana!,Pedro Bandeira,,,https://www.goodreads.com/book/show/3226964-droga-de-americana
Leitura Escolar (Ginásio),7,,Anjo da Morte,Pedro Bandeira,,,https://www.goodreads.com/book/show/3226971-anjo-da-morte
Leitura Escolar (Ginásio),9,,O Mistério do Cinco Estrelas,Marcos Rey,,,https://www.goodreads.com/book/show/3288680-o-mist-rio-do-cinco-estrelas
Leitura Escolar (Ginásio),11,,O Escaravelho do Diabo,Lúcia Machado de Almeida,,,https://www.goodreads.com/book/show/6163301-o-escaravelho-do-diabo
Leitura Escolar (Ginásio),12,,Comédias para se Ler na Escola,Luis Fernando Verissimo,,,https://www.goodreads.com/book/show/2380073.Com_dias_para_se_Ler_na_Escola
Leitura Escolar (Ginásio),13,,O Rapaz Que Ñao Era de Liverpool,Caio Riter,,,https://www.goodreads.com/book/show/15178942-o-rapaz-que-ao-era-de-liverpool
Leitura Escolar (Ginásio),14,,A Marca de uma Lágrima,Pedro Bandeira,,,https://www.goodreads.com/book/show/3279291-a-marca-de-uma-l-grima
Leitura Escolar (Ginásio),15,,O Mistério da Casa Verde,Moacyr Scliar,,,https://www.goodreads.com/book/show/65748.O_Mist_rio_da_Casa_Verde
Leitura Escolar (Ginásio),16,,O Pequeno Príncipe,Antoine de Saint-Exupéry,,,https://www.goodreads.com/book/show/17695390-o-pequeno-pr-ncipe
Leitura Escolar (Ginásio),17,,Longas cartas para ninguém,Júlio Emílio Braz,,,https://www.goodreads.com/book/show/17997669-longas-cartas-para-ningu-m
Leitura Escolar (Ginásio),18,,Redações perigosas,Telma Guimarães Castro Andrade,,,https://www.goodreads.com/book/show/17670763-reda-es-perigosas
Leitura Escolar (Ginásio),19,,A Árvore que Dava Dinheiro,Domingos Pellegrini,,,https://www.goodreads.com/book/show/2913413-a-rvore-que-dava-dinheiro
Leitura Escolar (Ginásio),20,,Confissões de um vira-lata,Orígenes Lessa,,,https://www.goodreads.com/book/show/6558324-confiss-es-de-um-vira-lata
Leitura Escolar (Ginásio),21,,Uma Maré de Desejos,Georgina Martins,,,https://www.goodreads.com/book/show/21461601-uma-mar-de-desejos
Leitura Escolar (Ginásio),22,,O sofá estampado,Lygia Bojunga Nunes,,,https://www.goodreads.com/book/show/7636675-o-sof-estampado
Leitura Escolar (Ginásio),23,,Ciumento de carteirinha,Moacyr Scliar,,,https://www.goodreads.com/book/show/6885309-ciumento-de-carteirinha
Leitura Escolar (Ginásio),24,,Gulliver’s Travels,Jonathan Swift,,,https://www.goodreads.com/book/show/7733.Gulliver_s_Travels
Livros de Negócios com notas maiores de 4.30,3,,Breakthrough Advertising,Eugene M. Schwartz,,,https://www.goodreads.com/book/show/8662312-breakthrough-advertising
Livros de Negócios com notas maiores de 4.30,8,,Shoe Dog: A Memoir by the Creator of Nike,Phil Knight,,,https://www.goodreads.com/book/show/27220736-shoe-dog
Livros de Negócios com notas maiores de 4.30,9,,Expert Secrets: The Underground Playbook for Creating a Mass Movement of People Who Will Pay for Your Advice,Russell Brunson,,,https://www.goodreads.com/book/show/35254158-expert-secrets
Livros de Negócios com notas maiores de 4.30,10,,Sapiens: A Brief History of Humankind,Yuval Noah Harari,,,https://www.goodreads.com/book/show/23692271-sapiens
Livros de Negócios com notas maiores de 4.30,11,,Bad Blood: Secrets and Lies in a Silicon Valley Startup,John Carreyrou,,,https://www.goodreads.com/book/show/37976541-bad-blood
Livros de Negócios com notas maiores de 4.30,12,,The Mom Test: How to talk to customers & learn if your business is a good idea when everyone is lying to you,Rob Fitzpatrick,,,https://www.goodreads.com/book/show/52283963-the-mom-test
Livros de Negócios com notas maiores de 4.30,14,,Business Boutique: A Woman's Guide for Making Money Doing What She Loves,Christy Wright,,,https://www.goodreads.com/book/show/33255815-business-boutique
Livros de Negócios com notas maiores de 4.30,16,,"Red Notice: A True Story of High Finance, Murder, and One Man's Fight for Justice",Bill Browder,,,https://www.goodreads.com/book/show/22609522-red-notice
Livros de Negócios com notas maiores de 4.30,18,,A Lei do Triunfo,Napoleon Hill,,,https://www.goodreads.com/book/show/105232.Law_of_Success
Livros de Negócios com notas maiores de 4.30,20,,O Petróleo,Daniel Yergin,,,https://www.goodreads.com/book/show/169354.The_Prize
Livros de Negócios com notas maiores de 4.30,23,,O Plano de Marketing de 1 Página,Allan Dib,,,https://www.goodreads.com/book/show/41943000-the-1-page-marketing-plan
Livros de Negócios com notas maiores de 4.30,24,,Os Ensaios de Warren Buffett,Warren Buffett,,,https://www.goodreads.com/book/show/145565.The_Essays_of_Warren_Buffett_
Livros de Negócios com notas maiores de 4.30,27,,Lost and Founder: A Painfully Honest Field Guide to the Startup World,Rand Fishkin,,,https://www.goodreads.com/book/show/35957156-lost-and-founder
Livros de Negócios com notas maiores de 4.30,28,,A Template for Understanding Big Debt Crises,Ray Dalio,,,https://www.goodreads.com/book/show/41317431-a-template-for-understanding-big-debt-crises
Livros de Negócios com notas maiores de 4.30,29,,Never Split the Difference: Negotiating As If Your Life Depended On It,Chris Voss,,,https://www.goodreads.com/book/show/26156469-never-split-the-difference
Livros de Negócios com notas maiores de 4.30,30,,Storytelling with Data: A Data Visualization Guide for Business Professionals,Cole Nussbaumer Knaflic,,,https://www.goodreads.com/book/show/26535513-storytelling-with-data
Livros de Negócios com notas maiores de 4.30,32,,Wooden on Leadership: How to Create a Winning Organization,John Wooden,,,https://www.goodreads.com/book/show/43535.Wooden_on_Leadership
Livros de Negócios com notas maiores de 4.30,33,,A Dicotomia da Liderança,Jocko Willink,,,https://www.goodreads.com/book/show/38714388-the-dichotomy-of-leadership
Livros de Negócios com notas maiores de 4.30,38,,The Millionaire Fastlane: Crack the Code to Wealth and Live Rich for a Lifetime!,M.J. DeMarco,,,https://www.goodreads.com/book/show/18872437-the-millionaire-fastlane
Livros de Negócios com notas maiores de 4.30,39,,Building a StoryBrand: Clarify Your Message So Customers Will Listen,Donald Miller,,,https://www.goodreads.com/book/show/34460583-building-a-storybrand
Livros de Negócios com notas maiores de 4.30,40,,Launching a Leadership Revolution: Mastering the Five Levels of Influence,Chris Brady,,,https://www.goodreads.com/book/show/624022.Launching_a_Leadership_Revolution
Livros de Negócios com notas maiores de 4.30,41,,Manual de DevOps,Gene Kim,,,https://www.goodreads.com/book/show/26083308-the-devops-handbook
Livros de Negócios com notas maiores de 4.30,42,,Em Busca de Sentido,Viktor E. Frankl,,,https://www.goodreads.com/book/show/4069.Man_s_Search_for_Meaning
Livros de Negócios com notas maiores de 4.30,43,,The Go-Giver: A Little Story About a Powerful Business Idea,Bob Burg,,,https://www.goodreads.com/book/show/1873060.The_Go_Giver
Livros de Negócios com notas maiores de 4.30,44,,Profit First: A Simple System To Transform Any Business From A Cash-Eating Monster To A Money-Making Machine,Mike Michalowicz,,,https://www.goodreads.com/book/show/23948433-profit-first
Livros de Negócios com notas maiores de 4.30,48,,Nonviolent Communication: A Language of Life,Marshall B. Rosenberg,,,https://www.goodreads.com/book/show/71730.Nonviolent_Communication
Livros de Negócios com notas maiores de 4.30,49,,Competition Demystified: A Radically Simplified Approach to Business Strategy,Bruce C. Greenwald,,,https://www.goodreads.com/book/show/675146.Competition_Demystified
Livros de Negócios com notas maiores de 4.30,50,,Explosive Growth: A Few Things I Learned While Growing To 100 Million Users - And Losing $78 Million,Cliff Lerner,,,https://www.goodreads.com/book/show/36607149-explosive-growth
Livros de Negócios com notas maiores de 4.30,51,,Factfulness,Hans Rosling,,,https://www.goodreads.com/book/show/34890015-factfulness
Livros de Negócios com notas maiores de 4.30,52,,Equipes Brilhantes,Daniel Coyle,,,https://www.goodreads.com/book/show/33517721-the-culture-code
Livros de Negócios com notas maiores de 4.30,54,,The Manager's Path: A Guide for Tech Leaders Navigating Growth and Change,Camille Fournier,,,https://www.goodreads.com/book/show/33369254-the-manager-s-path
Livros de Negócios com notas maiores de 4.30,56,,O Mais Importante para o Investidor,Howard Marks,,,https://www.goodreads.com/book/show/10454418-the-most-important-thing
Livros de Negócios com notas maiores de 4.30,57,,Black Box Thinking: Why Some People Never Learn from Their Mistakes - But Some Do,Matthew Syed,,,https://www.goodreads.com/book/show/24611735-black-box-thinking
Livros de Negócios com notas maiores de 4.30,61,,High Output Management,Andrew S. Grove,,,https://www.goodreads.com/book/show/324750.High_Output_Management
Livros de Negócios com notas maiores de 4.30,62,,Basic Economics: A Citizen's Guide to the Economy,Thomas Sowell,,,https://www.goodreads.com/book/show/3023.Basic_Economics
Livros de Negócios com notas maiores de 4.30,63,,Prospecção Fanática,Jeb Blount,,,https://www.goodreads.com/book/show/26270465-fanatical-prospecting
Livros de Negócios com notas maiores de 4.30,66,,Go Pro - 7 Steps to Becoming a Network Marketing Professional,Eric Worre,,,https://www.goodreads.com/book/show/17876567-go-pro---7-steps-to-becoming-a-network-marketing-professional
Livros de Negócios com notas maiores de 4.30,67,,Write. Publish. Repeat. The No-Luck-Required Guide to Self-Publishing Success,Sean Platt,,,https://www.goodreads.com/book/show/19173266-write-publish-repeat-the-no-luck-required-guide-to-self-publishing-su
Livros de Negócios com notas maiores de 4.30,68,,Reinventing Organizations: A Guide to Creating Organizations Inspired by the Next Stage of Human Consciousness,Frederic Laloux,,,https://www.goodreads.com/book/show/20787425-reinventing-organizations
Livros de Negócios com notas maiores de 4.30,69,,The Making of a Manager: What to Do When Everyone Looks to You,Julie Zhuo,,,https://www.goodreads.com/book/show/38821039-the-making-of-a-manager
Livros de Negócios com notas maiores de 4.30,70,,Hábitos Atômicos,James Clear,,,https://www.goodreads.com/book/show/40121378-atomic-habits
Martin Claret,3,,Os demônios,Fyodor Dostoevsky,,,https://www.goodreads.com/book/show/57469044-os-dem-nios
Martin Claret,4,,Início e Fim,Fyodor Dostoevsky,,,https://www.goodreads.com/book/show/53482604-in-cio-e-fim
Martin Claret,5,,O Jogador,Fyodor Dostoevsky,,,https://www.goodreads.com/book/show/56783938-o-jogador
Martin Claret,7,,O sósia Capa dura – 3 outubro 2022,Fyodor Dostoevsky,,,https://www.goodreads.com/book/show/190113810-o-s-sia-capa-dura-3-outubro-2022
Martin Claret,8,,Diário do Subsolo,Fyodor Dostoevsky,,,https://www.goodreads.com/book/show/56776529-di-rio-do-subsolo
Martin Claret,9,,Memórias da Casa dos Mortos,Fyodor Dostoevsky,,,https://www.goodreads.com/book/show/55432037-mem-rias-da-casa-dos-mortos
Martin Claret,10,,Gente Pobre & A Anfitriã,Fyodor Dostoevsky,,,https://www.goodreads.com/book/show/58533091-gente-pobre-a-anfitri
Martin Claret,11,,Humilhados e ofendidos,Fyodor Dostoevsky,,,https://www.goodreads.com/book/show/58367878-humilhados-e-ofendidos
Negócios E Finanças Books,1,,Empresas Feitas para Vencer,Jim Collins,,,https://www.goodreads.com/book/show/76865.Good_to_Great
Negócios E Finanças Books,2,,Guia Suno de Contabilidade para Investidores: Conceitos Contábeis Fundamentais para quem Investe na Bolsa (Kindle Edition),Tiago Reis,,,https://www.goodreads.com/book/show/40945449-guia-suno-de-contabilidade-para-investidores
Negócios E Finanças Books,3,,Como organizar sua vida financeira (Paperback),Gustavo Cerbasi,,,https://www.goodreads.com/book/show/6598390-como-organizar-sua-vida-financeira
Negócios E Finanças Books,4,,Guia Suno Fundos Imobiliários: Introdução sobre Investimentos Seguros e Rentáveis (Kindle Edition),Marcos Baroni,,,https://www.goodreads.com/book/show/41973969-guia-suno-fundos-imobili-rios
Negócios E Finanças Books,5,,Quem Pensa Enriquece - Napoleon Hill: Resumo com as ideias mais valiosas do livro (Portuguese Edition),INSTANTE Livros,,,https://www.goodreads.com/book/show/42863082-quem-pensa-enriquece---napoleon-hill
Negócios E Finanças Books,6,,"O Catador de Sonhos: O empresário visionário que começou como catador de latinhas ensina tudo o que você precisa saber sobre otimismo, superação e determinação (Portuguese Edition)",Geraldo Rufino,,,https://www.goodreads.com/book/show/35153524-o-catador-de-sonhos
Negócios E Finanças Books,8,,1001 maneiras de enriquecer (Unknown Binding),Joseph Murphy,,,https://www.goodreads.com/book/show/30049952-1001-maneiras-de-enriquecer
Negócios E Finanças Books,9,,"The $100 Startup: Reinvent the Way You Make a Living, Do What You Love, and Create a New Future (Hardcover)",Chris Guillebeau,,,https://www.goodreads.com/book/show/12605157-the-100-startup
Negócios E Finanças Books,10,,Predictable Revenue: Turn Your Business Into a Sales Machine with the $100 Million Best Practices of Salesforce.com (Paperback),Aaron Ross,,,https://www.goodreads.com/book/show/12688360-predictable-revenue
Negócios E Finanças Books,11,,Na raça: Como Guilherme Benchimol criou a Xp e iniciou a maior revolução do mercado financeiro brasileiro (Kindle Edition),Maria Luíza Filgueiras,,,https://www.goodreads.com/book/show/48946248-na-ra-a
Negócios E Finanças Books,12,,Miracle Morning Millionaires: What the Wealthy Do Before 8AM That Will Make You Rich (The Miracle Morning Book 11),Hal Elrod,,,https://www.goodreads.com/book/show/40164573-miracle-morning-millionaires
Negócios E Finanças Books,13,,The Servant: A Simple Story About the True Essence of Leadership (Hardcover),James C. Hunter,,,https://www.goodreads.com/book/show/181736.The_Servant
Negócios E Finanças Books,16,,Nada Easy (Paperback),tallis gomes,,,https://www.goodreads.com/book/show/36041615-nada-easy
Negócios E Finanças Books,18,,Geração de Valor: Compartilhando Inspiração,Flávio Augusto da Silva,,,https://www.goodreads.com/book/show/23703600-gera-o-de-valor
Negócios E Finanças Books,19,,A Ciência de Ficar Rico,Wallace D. Wattles,,,https://www.goodreads.com/book/show/342504.The_Science_of_Getting_Rich
Negócios E Finanças Books,20,,Como aumentar o seu próprio salário,Napoleon Hill,,,https://www.goodreads.com/book/show/13820506-how-to-raise-your-own-salary
Negócios E Finanças Books,21,,Cartas a um Jovem Investidor (Audiobook),Gustavo Cerbasi,,,https://www.goodreads.com/book/show/15833977-cartas-a-um-jovem-investidor
Negócios E Finanças Books,24,,Zurich Axioms (Paperback),Max Gunther,,,https://www.goodreads.com/book/show/1176121.Zurich_Axioms
Negócios E Finanças Books,25,,Do mil ao milhão: Sem cortar o cafezinho (Kindle Edition),Thiago Nigro,,,https://www.goodreads.com/book/show/42267651-do-mil-ao-milh-o
Negócios E Finanças Books,27,,Os Segredos da Mente Milionária,T. Harv Eker,,,https://www.goodreads.com/book/show/785092.Secrets_of_the_Millionaire_Mind
Negócios E Finanças Books,28,,Quem Pensa Enriquece,Napoleon Hill,,,https://www.goodreads.com/book/show/30186948-think-and-grow-rich
Negócios E Finanças Books,30,,Rich Dad Poor Dad: What the Rich Teach Their Kids About Money—That the Poor and Middle Class Do Not! (Paperback),Robert T. Kiyosaki,,,https://www.goodreads.com/book/show/69571.Rich_Dad_Poor_Dad
Negócios E Finanças Books,32,,Empreendedores Inteligentes Enriquecem Mais (Paperback),Gustavo Cerbasi,,,https://www.goodreads.com/book/show/33851752-empreendedores-inteligentes-enriquecem-mais
Negócios E Finanças Books,33,,Paixão por Vencer,Jack Welch,,,https://www.goodreads.com/book/show/866222.Winning
Prêmio Jabuti - Romance (1959 - 2012),3,,Estorvo,Chico Buarque,,,https://www.goodreads.com/book/show/1159352.Estorvo
Prêmio Jabuti - Romance (1959 - 2012),4,,Quase Memória: Quase Romance,Carlos Heitor Cony,,,https://www.goodreads.com/book/show/2720647-quase-mem-ria
Prêmio Jabuti - Romance (1959 - 2012),5,,"Gabriela, Cravo e Canela",Jorge Amado,,,https://www.goodreads.com/book/show/15828945-gabriela-cravo-e-canela
Prêmio Jabuti - Romance (1959 - 2012),6,,O Trapicheiro,Marques Rebelo,,,https://www.goodreads.com/book/show/18168113-o-trapicheiro
Prêmio Jabuti - Romance (1959 - 2012),7,,Rua Augusta,Maria de Lourdes Teixeira,,,https://www.goodreads.com/book/show/27811124-rua-augusta
Prêmio Jabuti - Romance (1959 - 2012),8,,Porto Calendário,Osório Alves de Castro,,,https://www.goodreads.com/book/show/56072418-porto-calend-rio
Prêmio Jabuti - Romance (1959 - 2012),9,,A Mudança,Marques Rebelo,,,https://www.goodreads.com/book/show/21871575-a-mudan-a
Prêmio Jabuti - Romance (1959 - 2012),10,,Grotão do Café Amarelo,Francisco Marins,,,https://www.goodreads.com/book/show/35077835-grot-o-do-caf-amarelo
Prêmio Jabuti - Romance (1959 - 2012),12,,O Senhor Embaixador,Erico Verissimo,,,https://www.goodreads.com/book/show/11241833-o-senhor-embaixador
Prêmio Jabuti - Romance (1959 - 2012),13,,As Confissões de Frei Abóbora,José Mauro de Vasconcelos,,,https://www.goodreads.com/book/show/18072090-as-confiss-es-de-frei-ab-bora
Prêmio Jabuti - Romance (1959 - 2012),14,,O tronco,Bernardo Élis,,,https://www.goodreads.com/book/show/15840151-o-tronco
Prêmio Jabuti - Romance (1959 - 2012),15,,Noites do Relâmpago,Ibiapaba Martins,,,https://www.goodreads.com/book/show/56072457-noites-do-rel-mpago
Prêmio Jabuti - Romance (1959 - 2012),16,,O Pátio das Donzelas,Maria de Lourdes Teixeira,,,https://www.goodreads.com/book/show/56072487-o-p-tio-das-donzelas
Prêmio Jabuti - Romance (1959 - 2012),17,,O sexo começa às sete,Lenita Miranda de Figueiredo,,,https://www.goodreads.com/book/show/56072532-o-sexo-come-a-s-sete
Prêmio Jabuti - Romance (1959 - 2012),18,,A Girafa de Vidro,Luís Martins,,,https://www.goodreads.com/book/show/56072550-a-girafa-de-vidro
Prêmio Jabuti - Romance (1959 - 2012),19,,Clube de Campo,Rubens Teixeira Scavone,,,https://www.goodreads.com/book/show/56072581-clube-de-campo
Prêmio Jabuti - Romance (1959 - 2012),20,,As Velhas,Hugo Mezena,,,https://www.goodreads.com/book/show/44009557-as-velhas
Prêmio Jabuti - Romance (1959 - 2012),22,,O fruto do vosso ventre,Herberto Sales,,,https://www.goodreads.com/book/show/31676883-o-fruto-do-vosso-ventre
Prêmio Jabuti - Romance (1959 - 2012),23,,Partidas Dobradas,Mário Donato,,,https://www.goodreads.com/book/show/56072634-partidas-dobradas
Prêmio Jabuti - Romance (1959 - 2012),24,,O Grande Mentecapto,Fernando Sabino,,,https://www.goodreads.com/book/show/2913776-o-grande-mentecapto
Prêmio Jabuti - Romance (1959 - 2012),25,,Endiabrados,Dyonelio Machado,,,https://www.goodreads.com/book/show/56072651-endiabrados
Prêmio Jabuti - Romance (1959 - 2012),26,,Em liberdade,Silviano Santiago,,,https://www.goodreads.com/book/show/13553165-em-liberdade
Prêmio Jabuti - Romance (1959 - 2012),27,,Aquele Mundo de Vasabarros,José J. Veiga,,,https://www.goodreads.com/book/show/22891432-aquele-mundo-de-vasabarros
Prêmio Jabuti - Romance (1959 - 2012),28,,A Grande Arte,Rubem Fonseca,,,https://www.goodreads.com/book/show/15718224-a-grande-arte
Prêmio Jabuti - Romance (1959 - 2012),29,,Viva o Povo Brasileiro,João Ubaldo Ribeiro,,,https://www.goodreads.com/book/show/309308.Viva_o_Povo_Brasileiro
Prêmio Jabuti - Romance (1959 - 2012),30,,A Idade da Paixão,Rubem Mauro Machado,,,https://www.goodreads.com/book/show/25522557-a-idade-da-paix-o
Prêmio Jabuti - Romance (1959 - 2012),31,,Luísa,Maria Adelaide Amaral,,,https://www.goodreads.com/book/show/14287737-lu-sa
Prêmio Jabuti - Romance (1959 - 2012),32,,Dinheiro na estrada: Uma saga de imigrantes,Emil Farhat,,,https://www.goodreads.com/book/show/4011264-dinheiro-na-estrada
Prêmio Jabuti - Romance (1959 - 2012),33,,A Saga do Cavalo Indomado,Maria Alice Barroso,,,https://www.goodreads.com/book/show/56072707-a-saga-do-cavalo-indomado
Prêmio Jabuti - Romance (1959 - 2012),34,,Sonata da Última cidade O Romance de São Paulo,Renato Modernell,,,https://www.goodreads.com/book/show/22533357-sonata-da-ltima-cidade-o-romance-de-s-o-paulo
Prêmio Jabuti - Romance (1959 - 2012),35,,Relato de um Certo Oriente,Milton Hatoum,,,https://www.goodreads.com/book/show/1943133.Relato_de_um_Certo_Oriente
Prêmio Jabuti - Romance (1959 - 2012),36,,Jóias de família,Zulmira Ribeiro Tavares,,,https://www.goodreads.com/book/show/1403568.J_ias_de_fam_lia
Prêmio Jabuti - Romance (1959 - 2012),39,,O Risonho Cavalo Do Príncipe,José J. Veiga,,,https://www.goodreads.com/book/show/2778280-o-risonho-cavalo-do-pr-ncipe
Prêmio Jabuti - Romance (1959 - 2012),40,,Sonhos Tropicais,Moacyr Scliar,,,https://www.goodreads.com/book/show/2938987-sonhos-tropicais
Prêmio Jabuti - Romance (1959 - 2012),41,,Uma história de família,Silviano Santiago,,,https://www.goodreads.com/book/show/29891470-uma-hist-ria-de-fam-lia
Prêmio Jabuti - Romance (1959 - 2012),42,,Aqueles cães malditos de Arquelau,Isaias Pessotti,,,https://www.goodreads.com/book/show/1866561.Aqueles_c_es_malditos_de_Arquelau
Prêmio Jabuti - Romance (1959 - 2012),43,,Harmada,João Gilberto Noll,,,https://www.goodreads.com/book/show/3645182-harmada
Prêmio Jabuti - Romance (1959 - 2012),44,,O braço direito,Otto Lara Resende,,,https://www.goodreads.com/book/show/909088.O_bra_o_direito
Prêmio Jabuti - Romance (1959 - 2012),46,,Ana em Veneza,João Silvério Trevisan,,,https://www.goodreads.com/book/show/3030609-ana-em-veneza
Prêmio Jabuti - Romance (1959 - 2012),47,,"Galantes Memórias e Admiráveis Aventuras do Virtuoso Conselheiro Gomes, o Chalaça",José Roberto Torero,,,https://www.goodreads.com/book/show/653807.Galantes_Mem_rias_e_Admir_veis_Aventuras_do_Virtuoso_Conselheiro_Gomes_o_Chala_a
Prêmio Jabuti - Romance (1959 - 2012),48,,Amor?: Novela,Ivan Ângelo,,,https://www.goodreads.com/book/show/1498451.Amor_
Prêmio Jabuti - Romance (1959 - 2012),49,,O Mistério do Leão Rampante,Rodrigo Lacerda,,,https://www.goodreads.com/book/show/23579649-o-mist-rio-do-le-o-rampante
Prêmio Jabuti - Romance (1959 - 2012),50,,A Céu Aberto,João Gilberto Noll,,,https://www.goodreads.com/book/show/4473684-a-c-u-aberto
Prêmio Jabuti - Romance (1959 - 2012),51,,À Mão Esquerda,Fausto Wolff,,,https://www.goodreads.com/book/show/2863825-m-o-esquerda
Prêmio Jabuti - Romance (1959 - 2012),52,,O Equilibrista do Arame Farpado,Flávio Moreira da Costa,,,https://www.goodreads.com/book/show/4960995-o-equilibrista-do-arame-farpado
Prêmio Jabuti - Romance (1959 - 2012),54,,A casa do poeta trágico,Carlos Heitor Cony,,,https://www.goodreads.com/book/show/1945473.A_casa_do_poeta_tr_gico
Prêmio Jabuti - Romance (1959 - 2012),55,,Lealdade,Márcio Souza,,,https://www.goodreads.com/book/show/26153029-lealdade
Prêmio Jabuti - Romance (1959 - 2012),56,,Um crime delicado,Sérgio Sant'Anna,,,https://www.goodreads.com/book/show/1908772.Um_crime_delicado
Prêmio Jabuti - Romance (1959 - 2012),57,,Cabra-cega: Romance,Carlos Nascimento Silva,,,https://www.goodreads.com/book/show/4487867-cabra-cega
Prêmio Jabuti - Romance (1959 - 2012),58,,Os seios de Pandora: Uma aventura de Dora Diamante,Sônia Coutinho,,,https://www.goodreads.com/book/show/1828038.Os_seios_de_Pandora
Prêmio Jabuti - Romance (1959 - 2012),59,,Resumo de Ana,Modesto Carone,,,https://www.goodreads.com/book/show/2761136-resumo-de-ana
Prêmio Jabuti - Romance (1959 - 2012),60,,A Mulher que Escreveu a Bíblia,Moacyr Scliar,,,https://www.goodreads.com/book/show/1728313.A_Mulher_que_Escreveu_a_B_blia
Prêmio Jabuti - Romance (1959 - 2012),61,,Anita: Romance,Flávio Aguiar,,,https://www.goodreads.com/book/show/3594002-anita
Prêmio Jabuti - Romance (1959 - 2012),62,,Romance sem palavras,Carlos Heitor Cony,,,https://www.goodreads.com/book/show/2707668-romance-sem-palavras
Prêmio Jabuti - Romance (1959 - 2012),65,,O caso da Chácara Chão,Domingos Pellegrini,,,https://www.goodreads.com/book/show/2863840-o-caso-da-ch-cara-ch-o
Prêmio Jabuti - Romance (1959 - 2012),66,,Barco a Seco,Rubens Figueiredo,,,https://www.goodreads.com/book/show/4636741-barco-a-seco
Prêmio Jabuti - Romance (1959 - 2012),67,,A utopia burocrática de Máximo Modesto,Dionisio Jacob,,,https://www.goodreads.com/book/show/42633679-a-utopia-burocr-tica-de-m-ximo-modesto
Prêmio Jabuti - Romance (1959 - 2012),68,,Adágio para o silêncio,Luis Giffoni,,,https://www.goodreads.com/book/show/4791766-ad-gio-para-o-sil-ncio
Prêmio Jabuti - Romance (1959 - 2012),69,,Dias e Dias,Adília Lopes,,,https://www.goodreads.com/book/show/55608500-dias-e-dias
Prêmio Jabuti - Romance (1959 - 2012),70,,No coração das perobas: Romance,Domingos Pellegrini,,,https://www.goodreads.com/book/show/2863843-no-cora-o-das-perobas
Prêmio Jabuti - Romance (1959 - 2012),71,,Nove Noites,Bernardo Carvalho,,,https://www.goodreads.com/book/show/9347578-nove-noites
Prêmio Jabuti - Romance (1959 - 2012),72,,Mongólia,Bernardo Carvalho,,,https://www.goodreads.com/book/show/1683513.Mong_lia
Prêmio Jabuti - Romance (1959 - 2012),73,,A margem imóvel do rio,Luiz Antonio de Assis Brasil,,,https://www.goodreads.com/book/show/13641552-a-margem-im-vel-do-rio
Prêmio Jabuti - Romance (1959 - 2012),75,,Vozes do Deserto,Nélida Piñon,,,https://www.goodreads.com/book/show/36364374-vozes-do-deserto
Prêmio Jabuti - Romance (1959 - 2012),76,,Lorde,João Gilberto Noll,,,https://www.goodreads.com/book/show/4694261-lorde
Prêmio Jabuti - Romance (1959 - 2012),77,,O Fotógrafo,Cristovão Tezza,,,https://www.goodreads.com/book/show/5504213-o-fot-grafo
Prêmio Jabuti - Romance (1959 - 2012),78,,Cinzas do Norte,Milton Hatoum,,,https://www.goodreads.com/book/show/3156878-cinzas-do-norte
Prêmio Jabuti - Romance (1959 - 2012),79,,Menino Oculto,Godofredo de Oliveira Neto,,,https://www.goodreads.com/book/show/75430203-menino-oculto
Prêmio Jabuti - Romance (1959 - 2012),80,,Meninos No Poder: Romance,Domingos Pellegrini,,,https://www.goodreads.com/book/show/2863844-meninos-no-poder
Prêmio Jabuti - Romance (1959 - 2012),81,,Olho de Rei,Edgard Telles Ribeiro,,,https://www.goodreads.com/book/show/42391758-olho-de-rei
Prêmio Jabuti - Romance (1959 - 2012),82,,Desengano,Carlos Nascimento Silva,,,https://www.goodreads.com/book/show/22283046-desengano
Prêmio Jabuti - Romance (1959 - 2012),83,,Vista Parcial da Noite,Luiz Ruffato,,,https://www.goodreads.com/book/show/7798227-vista-parcial-da-noite
Prêmio Jabuti - Romance (1959 - 2012),84,,Pelo Fundo da Agulha,Antônio Torres,,,https://www.goodreads.com/book/show/25526416-pelo-fundo-da-agulha
Prêmio Jabuti - Romance (1959 - 2012),85,,O Filho Eterno,Cristovão Tezza,,,https://www.goodreads.com/book/show/5504210-o-filho-eterno
Prêmio Jabuti - Romance (1959 - 2012),86,,O Sol se Põe em São Paulo,Bernardo Carvalho,,,https://www.goodreads.com/book/show/4696931-o-sol-se-p-e-em-s-o-paulo
Prêmio Jabuti - Romance (1959 - 2012),87,,Antonio,Beatriz Bracher,,,https://www.goodreads.com/book/show/3110257-antonio
Prêmio Jabuti - Romance (1959 - 2012),88,,Manual Da Paixão Solitária,Moacyr Scliar,,,https://www.goodreads.com/book/show/6907743-manual-da-paix-o-solit-ria
Prêmio Jabuti - Romance (1959 - 2012),89,,Órfãos do Eldorado,Milton Hatoum,,,https://www.goodreads.com/book/show/5631242-rf-os-do-eldorado
Prêmio Jabuti - Romance (1959 - 2012),91,,Se eu fechar os olhos agora,Edney Silvestre,,,https://www.goodreads.com/book/show/8442697-se-eu-fechar-os-olhos-agora
Prêmio Jabuti - Romance (1959 - 2012),92,,Leite Derramado,Chico Buarque,,,https://www.goodreads.com/book/show/6365525-leite-derramado
Prêmio Jabuti - Romance (1959 - 2012),93,,Os Espiões,Luis Fernando Verissimo,,,https://www.goodreads.com/book/show/7274782-os-espi-es
Prêmio Jabuti - Romance (1959 - 2012),94,,Ribamar,José Castello,,,https://www.goodreads.com/book/show/14743535-ribamar
Prêmio Jabuti - Romance (1959 - 2012),95,,Passageiro do Fim do Dia,Rubens Figueiredo,,,https://www.goodreads.com/book/show/13488873-passageiro-do-fim-do-dia
Prêmio Jabuti - Romance (1959 - 2012),96,,O Evangelho de Barrabás,José Roberto Torero,,,https://www.goodreads.com/book/show/15764721-o-evangelho-de-barrab-s
Prêmio Jabuti - Romance (1959 - 2012),97,,Nihonjin,Oscar Nakasato,,,https://www.goodreads.com/book/show/11448628-nihonjin
Prêmio Jabuti - Romance (1959 - 2012),98,,"Naqueles morros, depois da chuva",Edival Lourenço,,,https://www.goodreads.com/book/show/17229566-naqueles-morros-depois-da-chuva
Prêmio Jabuti - Romance (1959 - 2012),99,,O estranho no corredor,Chico Lopes,,,https://www.goodreads.com/book/show/16698132-o-estranho-no-corredor
